Iteration,Eval,New simulations,Time [min],NPV_over_CAPEX,clearance [m],sp [W/m2],p_rated [MW],Nwt,wind_MW_per_km2 [MW/km2],solar_MW [MW],surface_tilt [deg],surface_azimuth [deg],DC_AC_ratio,b_P [MW],b_E_h [h],cost_of_battery_P_fluct_in_peak_price_ratio
1,16,22,1.65,-0.56439138,10,327.2458261,11.57019677,16.83400675,9.928661918,61.72379706,6.426216349,161.1221167,1.479,20,4,8.75
1,17,22,1.65,-0.053373995,13.10475,313.612,6.199625,7.998125,9.576775,40.28075,0.00225,170.4315,1.479,20,4,8.75
1,18,22,1.65,0.058052675,22.49875,351.076,5.721125,6.249875,9.315325,33.93125,88.43625,206.3415,1.479,20,4,8.75
1,19,22,1.65,-0.089966476,51.73125,358.076,5.971625,8.765375,9.498925,197.56475,88.53975,154.4115,1.479,20,4,8.75
1,20,22,1.65,-0.182033099,55.47675,344.292,6.419375,7.185875,9.871975,198.20225,86.31225,174.6975,1.479,20,4,8.75
1,21,22,1.65,-0.112756646,65.47025,277.164,5.144375,6.528875,8.885575,111.99525,89.88975,185.7615,1.479,20,4,8.75
1,22,22,1.65,0.912977185,70.10827065,200,11.57019677,16.83400675,9.928661918,61.72379706,6.426216349,161.1221167,1.479,20,4,8.75
1,23,22,1.65,-0.376090447,70.10827065,327.2458261,5,16.83400675,9.928661918,61.72379706,6.426216349,161.1221167,1.479,20,4,8.75
1,24,22,1.65,-0.261215294,70.10827065,327.2458261,11.57019677,5,9.928661918,61.72379706,6.426216349,161.1221167,1.479,20,4,8.75
1,25,22,1.65,0.920204149,70.10827065,327.2458261,11.57019677,16.83400675,1,61.72379706,6.426216349,161.1221167,1.479,20,4,8.75
1,26,22,1.65,-0.754464497,70.10827065,327.2458261,11.57019677,16.83400675,9.928661918,30,6.426216349,161.1221167,1.479,20,4,8.75
1,27,22,1.65,-0.7382324,70.10827065,327.2458261,11.57019677,16.83400675,9.928661918,61.72379706,0,161.1221167,1.479,20,4,8.75
1,28,22,1.65,-0.741765628,70.10827065,327.2458261,11.57019677,16.83400675,9.928661918,61.72379706,6.426216349,150,1.479,20,4,8.75
1,29,22,1.65,-0.750378805,70.10827065,327.2458261,11.57019677,16.83400675,9.928661918,61.72379706,6.426216349,210,1.479,20,4,8.75
1,30,22,1.65,-0.722587151,70.10827065,327.2458261,11.57019677,16.83400675,9.928661918,61.72379706,90,161.1221167,1.479,20,4,8.75
1,31,22,1.65,-0.704886811,70.10827065,327.2458261,11.57019677,16.83400675,9.928661918,200,6.426216349,161.1221167,1.479,20,4,8.75
1,32,22,1.65,-0.743505489,70.10827065,327.2458261,11.57019677,16.83400675,10,61.72379706,6.426216349,161.1221167,1.479,20,4,8.75
1,33,22,1.65,-0.467541037,70.10827065,327.2458261,11.57019677,50,9.928661918,61.72379706,6.426216349,161.1221167,1.479,20,4,8.75
1,34,22,1.65,0.98218358,70.10827065,327.2458261,20,16.83400675,9.928661918,61.72379706,6.426216349,161.1221167,1.479,20,4,8.75
1,35,22,1.65,-0.714553515,70.10827065,360,11.57019677,16.83400675,9.928661918,61.72379706,6.426216349,161.1221167,1.479,20,4,8.75
1,36,22,1.65,-0.056361466,71.22875,314.22,6.317375,6.312875,9.318025,117.78375,87.65775,155.6235,1.479,20,4,8.75
1,37,22,1.65,0.925080882,120,327.2458261,11.57019677,16.83400675,9.928661918,61.72379706,6.426216349,161.1221167,1.479,20,4,8.75
2,36,22,1.7,-0.568722821,10,327.2458261,11.57019677,16.83400675,9.928661918,30,6.426216349,161.1221167,1.479,20,4,8.75
2,37,22,1.7,-0.688939156,11.02025,266.556,5.502125,47.703875,9.243325,102.25425,81.86625,167.1825,1.479,20,4,8.75
2,38,22,1.7,-0.765703126,47.73825,320.54,11.497625,27.433625,9.739675,140.41925,4.70025,185.0325,1.479,20,4,8.75
2,39,22,1.7,-0.761621044,48.12325,325.116,12.162875,30.293375,9.692875,45.33825,58.96575,162.6315,1.479,20,4,8.75
2,40,22,1.7,-0.778238991,50.68075,342.18,9.939875,25.701125,9.980875,91.01725,37.84275,195.1275,1.479,20,4,8.75
2,41,22,1.7,-0.81414184,58.01225,337.94,11.104625,24.180125,9.882325,50.63375,70.01325,200.1855,1.479,20,4,8.75
2,42,22,1.7,-0.821793705,59.70075,335.468,10.406375,26.450375,9.400375,140.89525,24.20325,188.1075,1.479,20,4,8.75
2,43,22,1.7,0.951797074,70.10827065,200,11.57019677,16.83400675,9.928661918,30,6.426216349,161.1221167,1.479,20,4,8.75
2,44,22,1.7,-0.369724959,70.10827065,327.2458261,5,16.83400675,9.928661918,30,6.426216349,161.1221167,1.479,20,4,8.75
2,45,22,1.7,-0.245035152,70.10827065,327.2458261,11.57019677,5,9.928661918,30,6.426216349,161.1221167,1.479,20,4,8.75
2,46,22,1.7,0.966217647,70.10827065,327.2458261,11.57019677,16.83400675,1,30,6.426216349,161.1221167,1.479,20,4,8.75
2,47,22,1.7,-0.751986743,70.10827065,327.2458261,11.57019677,16.83400675,9.928661918,30,0,161.1221167,1.479,20,4,8.75
2,48,22,1.7,-0.753349,70.10827065,327.2458261,11.57019677,16.83400675,9.928661918,30,6.426216349,150,1.479,20,4,8.75
2,49,22,1.7,-0.754464497,70.10827065,327.2458261,11.57019677,16.83400675,9.928661918,30,6.426216349,161.1221167,1.479,20,4,8.75
2,50,22,1.7,-0.757715742,70.10827065,327.2458261,11.57019677,16.83400675,9.928661918,30,6.426216349,210,1.479,20,4,8.75
2,51,22,1.7,-0.743552955,70.10827065,327.2458261,11.57019677,16.83400675,9.928661918,30,90,161.1221167,1.479,20,4,8.75
2,52,22,1.7,-0.704886811,70.10827065,327.2458261,11.57019677,16.83400675,9.928661918,200,6.426216349,161.1221167,1.479,20,4,8.75
2,53,22,1.7,-0.753996576,70.10827065,327.2458261,11.57019677,16.83400675,10,30,6.426216349,161.1221167,1.479,20,4,8.75
2,54,22,1.7,-0.47360714,70.10827065,327.2458261,11.57019677,50,9.928661918,30,6.426216349,161.1221167,1.479,20,4,8.75
2,55,22,1.7,1.01681886,70.10827065,327.2458261,20,16.83400675,9.928661918,30,6.426216349,161.1221167,1.479,20,4,8.75
2,56,22,1.7,-0.724480948,70.10827065,360,11.57019677,16.83400675,9.928661918,30,6.426216349,161.1221167,1.479,20,4,8.75
2,57,22,1.7,0.976026683,120,327.2458261,11.57019677,16.83400675,9.928661918,30,6.426216349,161.1221167,1.479,20,4,8.75
3,58,22,1.82,-0.697596167,10,335.468,10.406375,26.450375,9.400375,140.89525,24.20325,188.1075,1.479,20,4,8.75
3,59,22,1.82,-0.570148466,12.03225,257.06,13.703375,15.315125,9.991675,139.92625,78.81075,169.8495,1.479,20,4,8.75
3,60,22,1.82,-0.61126933,14.36425,288.732,13.250375,16.845125,9.930475,30.17425,84.25125,174.2235,1.479,20,4,8.75
3,61,22,1.82,-0.61860372,15.68425,272.748,11.962625,16.014875,9.099775,71.22075,83.09475,194.7375,1.479,20,4,8.75
3,62,22,1.82,-0.746534774,18.42325,289.044,10.269125,27.156875,9.277525,195.44825,76.65975,205.9275,1.479,20,4,8.75
3,63,22,1.82,-0.565787071,19.98525,340.172,5.010875,42.117125,9.423775,78.04625,85.38525,172.4925,1.479,20,4,8.75
3,64,22,1.82,-0.623787625,23.73075,265.836,13.307375,14.907875,8.797375,160.32625,85.28175,194.5725,1.479,20,4,8.75
3,65,22,1.82,-0.763113889,59.70075,200,10.406375,26.450375,9.400375,140.89525,24.20325,188.1075,1.479,20,4,8.75
3,66,22,1.82,-0.606360694,59.70075,335.468,5,26.450375,9.400375,140.89525,24.20325,188.1075,1.479,20,4,8.75
3,67,22,1.82,-0.336105283,59.70075,335.468,10.406375,5,9.400375,140.89525,24.20325,188.1075,1.479,20,4,8.75
3,68,22,1.82,0.837519438,59.70075,335.468,10.406375,26.450375,1,140.89525,24.20325,188.1075,1.479,20,4,8.75
3,69,22,1.82,-0.826294479,59.70075,335.468,10.406375,26.450375,9.400375,30,24.20325,188.1075,1.479,20,4,8.75
3,70,22,1.82,-0.770571494,59.70075,335.468,10.406375,26.450375,9.400375,140.89525,0,188.1075,1.479,20,4,8.75
3,71,22,1.82,-0.786431762,59.70075,335.468,10.406375,26.450375,9.400375,140.89525,24.20325,150,1.479,20,4,8.75
3,72,22,1.82,-0.833578868,59.70075,335.468,10.406375,26.450375,9.400375,140.89525,24.20325,210,1.479,20,4,8.75
3,73,22,1.82,-0.782424386,59.70075,335.468,10.406375,26.450375,9.400375,140.89525,90,188.1075,1.479,20,4,8.75
3,74,22,1.82,-0.814247809,59.70075,335.468,10.406375,26.450375,9.400375,200,24.20325,188.1075,1.479,20,4,8.75
3,75,22,1.82,-0.817892825,59.70075,335.468,10.406375,26.450375,10,140.89525,24.20325,188.1075,1.479,20,4,8.75
3,76,22,1.82,-0.566424071,59.70075,335.468,10.406375,50,9.400375,140.89525,24.20325,188.1075,1.479,20,4,8.75
3,77,22,1.82,-0.416017273,59.70075,335.468,20,26.450375,9.400375,140.89525,24.20325,188.1075,1.479,20,4,8.75
3,78,22,1.82,-0.799004217,59.70075,360,10.406375,26.450375,9.400375,140.89525,24.20325,188.1075,1.479,20,4,8.75
3,79,22,1.82,0.834730276,120,335.468,10.406375,26.450375,9.400375,140.89525,24.20325,188.1075,1.479,20,4,8.75
4,78,22,1.9,-0.710169047,10,335.468,10.406375,26.450375,9.400375,140.89525,24.20325,210,1.479,20,4,8.75
4,79,22,1.9,-0.566884248,12.90125,215.772,5.513375,28.691375,9.856225,183.02125,77.55075,158.5035,1.479,20,4,8.75
4,80,22,1.9,-0.768695843,42.93125,223.5,8.247125,30.241625,9.877375,115.87975,52.26525,192.0915,1.479,20,4,8.75
4,81,22,1.9,-0.711845301,46.96275,208.212,6.188375,28.792625,9.956575,151.03575,67.85325,194.3865,1.479,20,4,8.75
4,82,22,1.9,-0.725992688,48.89325,207.852,7.551125,27.100625,9.988525,119.27125,40.35375,181.9965,1.479,20,4,8.75
4,83,22,1.9,-0.753217036,53.18325,244.108,6.660125,29.411375,9.235225,195.21025,46.05975,179.0235,1.479,20,4,8.75
4,84,22,1.9,-0.77089623,59.70075,200,10.406375,26.450375,9.400375,140.89525,24.20325,210,1.479,20,4,8.75
4,85,22,1.9,-0.62676828,59.70075,335.468,5,26.450375,9.400375,140.89525,24.20325,210,1.479,20,4,8.75
4,86,22,1.9,-0.366103681,59.70075,335.468,10.406375,5,9.400375,140.89525,24.20325,210,1.479,20,4,8.75
4,87,22,1.9,0.827153506,59.70075,335.468,10.406375,26.450375,1,140.89525,24.20325,210,1.479,20,4,8.75
4,88,22,1.9,-0.829175588,59.70075,335.468,10.406375,26.450375,9.400375,30,24.20325,210,1.479,20,4,8.75
4,89,22,1.9,-0.770571494,59.70075,335.468,10.406375,26.450375,9.400375,140.89525,0,210,1.479,20,4,8.75
4,90,22,1.9,-0.786431762,59.70075,335.468,10.406375,26.450375,9.400375,140.89525,24.20325,150,1.479,20,4,8.75
4,91,22,1.9,-0.833578868,59.70075,335.468,10.406375,26.450375,9.400375,140.89525,24.20325,210,1.479,20,4,8.75
4,92,22,1.9,-0.80793419,59.70075,335.468,10.406375,26.450375,9.400375,140.89525,90,210,1.479,20,4,8.75
4,93,22,1.9,-0.829543235,59.70075,335.468,10.406375,26.450375,9.400375,200,24.20325,210,1.479,20,4,8.75
4,94,22,1.9,-0.829713679,59.70075,335.468,10.406375,26.450375,10,140.89525,24.20325,210,1.479,20,4,8.75
4,95,22,1.9,-0.572082614,59.70075,335.468,10.406375,50,9.400375,140.89525,24.20325,210,1.479,20,4,8.75
4,96,22,1.9,-0.420995442,59.70075,335.468,20,26.450375,9.400375,140.89525,24.20325,210,1.479,20,4,8.75
4,97,22,1.9,-0.811349071,59.70075,360,10.406375,26.450375,9.400375,140.89525,24.20325,210,1.479,20,4,8.75
4,98,22,1.9,-0.713668956,68.22025,207.204,6.800375,28.790375,9.793225,116.37275,80.43975,170.9055,1.479,20,4,8.75
4,99,22,1.9,0.82351023,120,335.468,10.406375,26.450375,9.400375,140.89525,24.20325,210,1.479,20,4,8.75
5,97,22,2.45,-0.641910088,10.47025,349.828,7.716875,34.174625,9.882775,76.34625,80.08425,187.8495,1.479,20,4,8.75
5,98,22,2.45,-0.534944572,10.91025,321.34,5.034125,34.041875,9.518275,78.97275,44.17875,200.3715,1.479,20,4,8.75
5,99,22,2.45,-0.382717484,11.31175,356.412,5.191625,26.081375,9.879625,168.30775,69.61725,170.6475,1.479,20,4,8.75
5,100,22,2.45,-0.313455145,13.97925,202.588,8.274875,6.513125,9.537625,165.47725,89.47125,200.7465,1.479,20,4,8.75
5,101,22,2.45,-0.19606952,16.22875,201.164,6.043625,6.488375,9.659575,162.23025,88.40925,184.9065,1.479,20,4,8.75
5,102,22,2.45,-0.516967886,24.45125,351.252,5.242625,27.593375,9.387325,194.19025,84.10725,190.6695,1.479,20,4,8.75
5,103,22,2.45,-0.767261731,32.92609354,335.468,10.406375,26.450375,9.400375,140.89525,24.20325,210,1.479,20,4,8.75
5,104,22,2.45,-0.846890224,59.70075,296.5230452,10.406375,26.450375,9.400375,140.89525,24.20325,210,1.479,20,4,8.75
5,105,22,2.45,-0.721537266,59.70075,335.468,6.755285483,26.450375,9.400375,140.89525,24.20325,210,1.479,20,4,8.75
5,106,22,2.45,-0.69862584,59.70075,335.468,10.406375,15.49710645,9.400375,140.89525,24.20325,210,1.479,20,4,8.75
5,107,22,2.45,-0.853658241,59.70075,335.468,10.406375,26.450375,7.20972129,140.89525,24.20325,210,1.479,20,4,8.75
5,108,22,2.45,-0.833670455,59.70075,335.468,10.406375,26.450375,9.400375,99.51623547,24.20325,210,1.479,20,4,8.75
5,109,22,2.45,-0.777974083,59.70075,335.468,10.406375,26.450375,9.400375,140.89525,2.296712898,210,1.479,20,4,8.75
5,110,22,2.45,-0.826632465,59.70075,335.468,10.406375,26.450375,9.400375,140.89525,24.20325,195.3956419,1.479,20,4,8.75
5,111,22,2.45,-0.833578868,59.70075,335.468,10.406375,26.450375,9.400375,140.89525,24.20325,210,1.479,20,4,8.75
5,112,22,2.45,-0.853806844,59.70075,335.468,10.406375,26.450375,9.400375,140.89525,46.1097871,210,1.479,20,4,8.75
5,113,22,2.45,-0.831039955,59.70075,335.468,10.406375,26.450375,9.400375,182.2742645,24.20325,210,1.479,20,4,8.75
5,114,22,2.45,-0.829713679,59.70075,335.468,10.406375,26.450375,10,140.89525,24.20325,210,1.479,20,4,8.75
5,115,22,2.45,-0.776075469,59.70075,335.468,10.406375,37.40364355,9.400375,140.89525,24.20325,210,1.479,20,4,8.75
5,116,22,2.45,-0.786011738,59.70075,335.468,14.05746452,26.450375,9.400375,140.89525,24.20325,210,1.479,20,4,8.75
5,117,22,2.45,-0.811349071,59.70075,360,10.406375,26.450375,9.400375,140.89525,24.20325,210,1.479,20,4,8.75
5,118,22,2.45,-0.916390756,86.47540646,335.468,10.406375,26.450375,9.400375,140.89525,24.20325,210,1.479,20,4,8.75
6,116,22,2.42,-0.710169047,10,335.468,10.406375,26.450375,9.400375,140.89525,24.20325,210,1.479,20,4,8.75
6,117,22,2.42,-0.359013082,32.25025,355.372,18.128375,31.400375,9.994375,168.05275,54.98325,189.4635,1.479,20,4,8.75
6,118,22,2.42,-0.755248231,33.66925,248.604,12.691625,22.958375,8.054425,88.17825,35.36325,166.5765,1.479,20,4,8.75
6,119,22,2.42,-0.619935772,55.02575,209.62,12.495875,30.464375,8.891875,196.52775,53.31375,177.0795,1.479,20,4,8.75
6,120,22,2.42,-0.808213671,82.51475,291.812,7.855625,28.623875,7.275025,198.22775,76.21425,170.4735,1.479,20,4,8.75
6,121,22,2.42,-0.688877714,84.24725,304.204,6.426125,22.481375,7.373125,186.25125,83.61225,193.2735,1.479,20,4,8.75
6,122,22,2.42,-0.730548323,86.23825,288.636,5.863625,25.523375,7.761925,108.03425,66.66525,191.3625,1.479,20,4,8.75
6,123,22,2.42,0.835242766,86.47540646,200,10.406375,26.450375,9.400375,140.89525,24.20325,210,1.479,20,4,8.75
6,124,22,2.42,-0.636793936,86.47540646,335.468,5,26.450375,9.400375,140.89525,24.20325,210,1.479,20,4,8.75
6,125,22,2.42,-0.414390166,86.47540646,335.468,10.406375,5,9.400375,140.89525,24.20325,210,1.479,20,4,8.75
6,126,22,2.42,0.828636122,86.47540646,335.468,10.406375,26.450375,1,140.89525,24.20325,210,1.479,20,4,8.75
6,127,22,2.42,-0.921832699,86.47540646,335.468,10.406375,26.450375,9.400375,30,24.20325,210,1.479,20,4,8.75
6,128,22,2.42,-0.856814329,86.47540646,335.468,10.406375,26.450375,9.400375,140.89525,0,210,1.479,20,4,8.75
6,129,22,2.42,-0.871853402,86.47540646,335.468,10.406375,26.450375,9.400375,140.89525,24.20325,150,1.479,20,4,8.75
6,130,22,2.42,-0.916390756,86.47540646,335.468,10.406375,26.450375,9.400375,140.89525,24.20325,210,1.479,20,4,8.75
6,131,22,2.42,-0.891713102,86.47540646,335.468,10.406375,26.450375,9.400375,140.89525,90,210,1.479,20,4,8.75
6,132,22,2.42,-0.907670452,86.47540646,335.468,10.406375,26.450375,9.400375,200,24.20325,210,1.479,20,4,8.75
6,133,22,2.42,-0.91313462,86.47540646,335.468,10.406375,26.450375,10,140.89525,24.20325,210,1.479,20,4,8.75
6,134,22,2.42,-0.601860914,86.47540646,335.468,10.406375,50,9.400375,140.89525,24.20325,210,1.479,20,4,8.75
6,135,22,2.42,0.93089611,86.47540646,335.468,20,26.450375,9.400375,140.89525,24.20325,210,1.479,20,4,8.75
6,136,22,2.42,-0.902630541,86.47540646,360,10.406375,26.450375,9.400375,140.89525,24.20325,210,1.479,20,4,8.75
6,137,22,2.42,0.82351023,120,335.468,10.406375,26.450375,9.400375,140.89525,24.20325,210,1.479,20,4,8.75
7,136,21,2.12,-0.690940182,10,335.468,10.406375,26.450375,9.400375,30,24.20325,210,1.479,20,4,8.75
7,137,21,2.12,-0.77300973,55.73525,207.196,8.956625,34.487375,9.577225,174.19825,14.84325,190.9395,1.479,20,4,8.75
7,138,21,2.12,-0.883321401,76.51975,344.868,8.045375,38.211125,9.745975,117.44375,43.85025,189.6285,1.479,20,4,8.75
7,139,21,2.12,-0.913058666,79.92975,344.596,8.881625,34.147625,9.681175,60.00925,47.99475,199.8255,1.479,20,4,8.75
7,140,21,2.12,-0.877044193,80.82625,339.756,9.146375,37.126625,9.256375,177.09675,73.18125,193.3575,1.479,20,4,8.75
7,141,21,2.12,-0.82862918,85.94675,350.22,7.251875,43.919375,9.296425,191.77625,68.51025,165.8175,1.479,20,4,8.75
7,142,21,2.12,0.960185272,86.47540646,200,10.406375,26.450375,9.400375,30,24.20325,210,1.479,20,4,8.75
7,143,21,2.12,-0.586785838,86.47540646,335.468,5,26.450375,9.400375,30,24.20325,210,1.479,20,4,8.75
7,144,21,2.12,-0.263788662,86.47540646,335.468,10.406375,5,9.400375,30,24.20325,210,1.479,20,4,8.75
7,145,21,2.12,0.977801983,86.47540646,335.468,10.406375,26.450375,1,30,24.20325,210,1.479,20,4,8.75
7,146,21,2.12,-0.90716628,86.47540646,335.468,10.406375,26.450375,9.400375,30,0,210,1.479,20,4,8.75
7,147,21,2.12,-0.910813565,86.47540646,335.468,10.406375,26.450375,9.400375,30,24.20325,150,1.479,20,4,8.75
7,148,21,2.12,-0.921832699,86.47540646,335.468,10.406375,26.450375,9.400375,30,24.20325,210,1.479,20,4,8.75
7,149,21,2.12,-0.916338363,86.47540646,335.468,10.406375,26.450375,9.400375,30,90,210,1.479,20,4,8.75
7,150,21,2.12,-0.907670452,86.47540646,335.468,10.406375,26.450375,9.400375,200,24.20325,210,1.479,20,4,8.75
7,151,21,2.12,-0.917806903,86.47540646,335.468,10.406375,26.450375,10,30,24.20325,210,1.479,20,4,8.75
7,152,21,2.12,-0.611718126,86.47540646,335.468,10.406375,50,9.400375,30,24.20325,210,1.479,20,4,8.75
7,153,21,2.12,1.032821526,86.47540646,335.468,20,26.450375,9.400375,30,24.20325,210,1.479,20,4,8.75
7,154,21,2.12,-0.906156852,86.47540646,360,10.406375,26.450375,9.400375,30,24.20325,210,1.479,20,4,8.75
7,155,21,2.12,-0.796201273,86.74425,357.788,6.132125,42.958625,9.993025,32.68175,83.43225,171.9045,1.479,20,4,8.75
7,156,21,2.12,0.991791172,120,335.468,10.406375,26.450375,9.400375,30,24.20325,210,1.479,20,4,8.75
8,156,21,2.39,-0.806579934,44.70775,358.452,6.849875,45.584375,9.301375,167.90825,39.85875,186.3855,1.479,20,4,8.75
8,157,21,2.39,-0.750079072,50.18575,355.18,5.751125,41.489375,8.221825,37.67975,88.58475,197.9775,1.479,20,4,8.75
8,158,21,2.39,-0.746538701,51.32425,201.644,9.735125,25.570625,8.621875,157.28325,80.45775,199.4325,1.479,20,4,8.75
8,159,21,2.39,-0.75835966,51.63775,220.348,9.246875,27.269375,8.299675,127.15925,67.16925,161.0415,1.479,20,4,8.75
8,160,21,2.39,-0.789817179,52.56725,349.58,5.181875,44.166875,9.714475,199.51125,55.46475,205.3875,1.479,20,4,8.75
8,161,21,2.39,-0.712231908,62.80275,358.788,5.787875,45.908375,9.941725,199.92775,77.59575,169.7175,1.479,20,4,8.75
8,162,21,2.39,-0.901424741,79.29662409,335.468,10.406375,26.450375,9.400375,30,24.20325,210,1.479,20,4,8.75
8,163,21,2.39,-0.924685073,86.47540646,325.0261347,10.406375,26.450375,9.400375,30,24.20325,210,1.479,20,4,8.75
8,164,21,2.39,-0.889647322,86.47540646,335.468,9.427450132,26.450375,9.400375,30,24.20325,210,1.479,20,4,8.75
8,165,21,2.39,-0.888900429,86.47540646,335.468,10.406375,23.5136004,9.400375,30,24.20325,210,1.479,20,4,8.75
8,166,21,2.39,-0.92643672,86.47540646,335.468,10.406375,26.450375,8.813020079,30,24.20325,210,1.479,20,4,8.75
8,167,21,2.39,-0.919104814,86.47540646,335.468,10.406375,26.450375,9.400375,30,18.32970079,210,1.479,20,4,8.75
8,168,21,2.39,-0.921490128,86.47540646,335.468,10.406375,26.450375,9.400375,30,24.20325,206.0843005,1.479,20,4,8.75
8,169,21,2.39,-0.921832699,86.47540646,335.468,10.406375,26.450375,9.400375,30,24.20325,210,1.479,20,4,8.75
8,170,21,2.39,-0.923967063,86.47540646,335.468,10.406375,26.450375,9.400375,30,30.07679921,210,1.479,20,4,8.75
8,171,21,2.39,-0.92189399,86.47540646,335.468,10.406375,26.450375,9.400375,41.09448184,24.20325,210,1.479,20,4,8.75
8,172,21,2.39,-0.917891009,86.47540646,335.468,10.406375,26.450375,9.987729921,30,24.20325,210,1.479,20,4,8.75
8,173,21,2.39,-0.947196626,86.47540646,335.468,10.406375,29.3871496,9.400375,30,24.20325,210,1.479,20,4,8.75
8,174,21,2.39,-0.945570686,86.47540646,335.468,11.38529987,26.450375,9.400375,30,24.20325,210,1.479,20,4,8.75
8,175,21,2.39,-0.916555655,86.47540646,345.9098653,10.406375,26.450375,9.400375,30,24.20325,210,1.479,20,4,8.75
8,176,21,2.39,-0.939153445,93.65418882,335.468,10.406375,26.450375,9.400375,30,24.20325,210,1.479,20,4,8.75
9,174,21,3.18,-0.715632852,10,335.468,10.406375,29.3871496,9.400375,30,24.20325,210,1.479,20,4,8.75
9,175,21,3.18,-0.740105919,34.57125,305.9,5.645375,36.332375,9.847675,195.24425,22.90275,197.3745,1.479,20,4,8.75
9,176,21,3.18,-0.770883746,35.08825,293.572,8.586125,39.714125,9.819775,178.60975,69.72075,181.0755,1.479,20,4,8.75
9,177,21,3.18,-0.759143032,41.54525,262.54,5.086625,44.121875,9.966925,38.48725,89.05275,179.2545,1.479,20,4,8.75
9,178,21,3.18,-0.642984413,72.94475,358.404,13.200125,36.251375,9.882325,36.20925,72.51075,153.8175,1.479,20,4,8.75
9,179,21,3.18,-0.685606216,84.36825,359.964,11.745125,40.236125,9.862525,165.87675,32.22225,201.4545,1.479,20,4,8.75
9,180,21,3.18,0.965530093,86.47540646,200,10.406375,29.3871496,9.400375,30,24.20325,210,1.479,20,4,8.75
9,181,21,3.18,-0.624381256,86.47540646,335.468,5,29.3871496,9.400375,30,24.20325,210,1.479,20,4,8.75
9,182,21,3.18,-0.263788662,86.47540646,335.468,10.406375,5,9.400375,30,24.20325,210,1.479,20,4,8.75
9,183,21,3.18,0.984505022,86.47540646,335.468,10.406375,29.3871496,1,30,24.20325,210,1.479,20,4,8.75
9,184,21,3.18,-0.934001899,86.47540646,335.468,10.406375,29.3871496,9.400375,30,0,210,1.479,20,4,8.75
9,185,21,3.18,-0.937284713,86.47540646,335.468,10.406375,29.3871496,9.400375,30,24.20325,150,1.479,20,4,8.75
9,186,21,3.18,-0.947196626,86.47540646,335.468,10.406375,29.3871496,9.400375,30,24.20325,210,1.479,20,4,8.75
9,187,21,3.18,-0.94184802,86.47540646,335.468,10.406375,29.3871496,9.400375,30,90,210,1.479,20,4,8.75
9,188,21,3.18,-0.918779945,86.47540646,335.468,10.406375,29.3871496,9.400375,200,24.20325,210,1.479,20,4,8.75
9,189,21,3.18,-0.943426889,86.47540646,335.468,10.406375,29.3871496,10,30,24.20325,210,1.479,20,4,8.75
9,190,21,3.18,-0.611718126,86.47540646,335.468,10.406375,50,9.400375,30,24.20325,210,1.479,20,4,8.75
9,191,21,3.18,1.037690051,86.47540646,335.468,20,29.3871496,9.400375,30,24.20325,210,1.479,20,4,8.75
9,192,21,3.18,-0.931957371,86.47540646,360,10.406375,29.3871496,9.400375,30,24.20325,210,1.479,20,4,8.75
9,193,21,3.18,-0.7508342,95.16475,293.092,7.120625,28.779125,9.559225,171.29975,72.46125,153.1845,1.479,20,4,8.75
9,194,21,3.18,0.999644311,120,335.468,10.406375,29.3871496,9.400375,30,24.20325,210,1.479,20,4,8.75
10,194,21,3.21,-0.764863569,29.80275,265.548,10.741625,27.615875,9.503425,81.36125,18.53325,200.1765,1.479,20,4,8.75
10,195,21,3.21,-0.854789755,68.66025,257.956,9.045125,30.952625,9.784225,45.60175,82.69875,164.9265,1.479,20,4,8.75
10,196,21,3.21,-0.835386473,75.92575,358.516,7.492625,34.467125,6.758425,115.31025,44.52525,172.2195,1.479,20,4,8.75
10,197,21,3.21,-0.905424791,76.30525,355.596,9.108125,32.284625,6.949225,177.41125,60.79275,200.5815,1.479,20,4,8.75
10,198,21,3.21,-0.931246076,80.74717507,335.468,10.406375,29.3871496,9.400375,30,24.20325,210,1.479,20,4,8.75
10,199,21,3.21,-0.949422704,86.47540646,327.1360271,10.406375,29.3871496,9.400375,30,24.20325,210,1.479,20,4,8.75
10,200,21,3.21,-0.925617165,86.47540646,335.468,9.625252538,29.3871496,9.400375,30,24.20325,210,1.479,20,4,8.75
10,201,21,3.21,-0.927760822,86.47540646,335.468,10.406375,27.04378222,9.400375,30,24.20325,210,1.479,20,4,8.75
10,202,21,3.21,-0.950385449,86.47540646,335.468,10.406375,29.3871496,8.931701523,30,24.20325,210,1.479,20,4,8.75
10,203,21,3.21,-0.945306372,86.47540646,335.468,10.406375,29.3871496,9.400375,30,19.51651523,210,1.479,20,4,8.75
10,204,21,3.21,-0.946973598,86.47540646,335.468,10.406375,29.3871496,9.400375,30,24.20325,206.8755102,1.479,20,4,8.75
10,205,21,3.21,-0.947196626,86.47540646,335.468,10.406375,29.3871496,9.400375,30,24.20325,210,1.479,20,4,8.75
10,206,21,3.21,-0.948772295,86.47540646,335.468,10.406375,29.3871496,9.400375,30,28.88998477,210,1.479,20,4,8.75
10,207,21,3.21,-0.946657593,86.47540646,335.468,10.406375,29.3871496,9.400375,38.85272123,24.20325,210,1.479,20,4,8.75
10,208,21,3.21,-0.944281393,86.47540646,335.468,10.406375,29.3871496,9.869048477,30,24.20325,210,1.479,20,4,8.75
10,209,21,3.21,-0.945447983,86.47540646,335.468,10.406375,31.73051699,9.400375,30,24.20325,210,1.479,20,4,8.75
10,210,21,3.21,-0.946909684,86.47540646,335.468,11.18749746,29.3871496,9.400375,30,24.20325,210,1.479,20,4,8.75
10,211,21,3.21,-0.943384203,86.47540646,343.7999729,10.406375,29.3871496,9.400375,30,24.20325,210,1.479,20,4,8.75
10,212,21,3.21,-0.961150747,92.20363784,335.468,10.406375,29.3871496,9.400375,30,24.20325,210,1.479,20,4,8.75
10,213,21,3.21,-0.931519399,92.42025,357.82,8.970875,36.501125,9.639775,49.69875,28.05975,189.2085,1.479,20,4,8.75
10,214,21,3.21,-0.93150244,93.94375,356.42,8.621375,35.153375,9.462025,47.53975,79.37325,207.8655,1.479,20,4,8.75
11,212,21,3.68,-0.715632852,10,335.468,10.406375,29.3871496,9.400375,30,24.20325,210,1.479,20,4,8.75
11,213,21,3.68,-0.672642796,10.77275,357.028,7.667375,47.154875,9.916075,152.52325,51.95925,185.5305,1.479,20,4,8.75
11,214,21,3.68,-0.649720871,15.06825,357.956,9.247625,46.376375,9.710875,132.66725,29.79675,202.3455,1.479,20,4,8.75
11,215,21,3.68,-0.724663368,34.87375,288.78,8.666375,27.393125,9.974125,176.04275,89.37225,199.8105,1.479,20,4,8.75
11,216,21,3.68,-0.539071731,52.45725,358.98,5.062625,33.607625,9.622675,195.32075,81.46575,160.8855,1.479,20,4,8.75
11,217,21,3.68,-0.690171457,79.97925,357.052,9.297125,49.976375,9.709975,85.44975,78.51375,175.5555,1.479,20,4,8.75
11,218,21,3.68,0.964748237,92.20363784,200,10.406375,29.3871496,9.400375,30,24.20325,210,1.479,20,4,8.75
11,219,21,3.68,-0.635818918,92.20363784,335.468,5,29.3871496,9.400375,30,24.20325,210,1.479,20,4,8.75
11,220,21,3.68,-0.275305299,92.20363784,335.468,10.406375,5,9.400375,30,24.20325,210,1.479,20,4,8.75
11,221,21,3.68,0.983532372,92.20363784,335.468,10.406375,29.3871496,1,30,24.20325,210,1.479,20,4,8.75
11,222,21,3.68,-0.948094184,92.20363784,335.468,10.406375,29.3871496,9.400375,30,0,210,1.479,20,4,8.75
11,223,21,3.68,-0.951335779,92.20363784,335.468,10.406375,29.3871496,9.400375,30,24.20325,150,1.479,20,4,8.75
11,224,21,3.68,-0.961150747,92.20363784,335.468,10.406375,29.3871496,9.400375,30,24.20325,210,1.479,20,4,8.75
11,225,21,3.68,-0.955854987,92.20363784,335.468,10.406375,29.3871496,9.400375,30,90,210,1.479,20,4,8.75
11,226,21,3.68,-0.930559313,92.20363784,335.468,10.406375,29.3871496,9.400375,200,24.20325,210,1.479,20,4,8.75
11,227,21,3.68,-0.957445471,92.20363784,335.468,10.406375,29.3871496,10,30,24.20325,210,1.479,20,4,8.75
11,228,21,3.68,-0.614327475,92.20363784,335.468,10.406375,50,9.400375,30,24.20325,210,1.479,20,4,8.75
11,229,21,3.68,1.03657706,92.20363784,335.468,20,29.3871496,9.400375,30,24.20325,210,1.479,20,4,8.75
11,230,21,3.68,-0.947934884,92.20363784,360,10.406375,29.3871496,9.400375,30,24.20325,210,1.479,20,4,8.75
11,231,21,3.68,-0.849629422,96.81475,351.756,8.613875,24.517625,9.673525,97.02675,67.84875,199.2915,1.479,20,4,8.75
11,232,21,3.68,0.999644311,120,335.468,10.406375,29.3871496,9.400375,30,24.20325,210,1.479,20,4,8.75
12,231,21,3.97,-0.725210542,32.07425,358.492,9.154625,40.119125,9.943525,68.51775,4.34475,150.7785,1.479,20,4,8.75
12,232,21,3.97,-0.668869902,34.89025,350.284,6.603875,47.368625,9.913375,192.27775,87.34275,151.6815,1.479,20,4,8.75
12,233,21,3.97,-0.675877534,37.42575,273.828,15.456875,23.824625,9.928675,198.39775,31.71825,191.8785,1.479,20,4,8.75
12,234,21,3.97,-0.808873888,42.63975,320.244,6.324125,49.380125,9.489025,42.75425,87.81525,151.8735,1.479,20,4,8.75
12,235,21,3.97,-0.780402411,47.91975,231.332,10.762625,27.480875,9.565075,180.30975,49.00725,177.5745,1.479,20,4,8.75
12,236,21,3.97,-0.77863159,81.83825,359.396,6.116375,43.874375,9.957925,182.46025,22.46625,175.2435,1.479,20,4,8.75
12,237,21,3.97,-0.937027964,82.73770469,335.468,10.406375,29.3871496,9.400375,30,24.20325,210,1.479,20,4,8.75
12,238,21,3.97,-0.962658012,92.20363784,321.69937,10.406375,29.3871496,9.400375,30,24.20325,210,1.479,20,4,8.75
12,239,21,3.97,-0.92120238,92.20363784,335.468,9.115565933,29.3871496,9.400375,30,24.20325,210,1.479,20,4,8.75
12,240,21,3.97,-0.926094158,92.20363784,335.468,10.406375,25.5147224,9.400375,30,24.20325,210,1.479,20,4,8.75
12,241,21,3.97,-0.967942536,92.20363784,335.468,10.406375,29.3871496,8.62588956,30,24.20325,210,1.479,20,4,8.75
12,242,21,3.97,-0.957861703,92.20363784,335.468,10.406375,29.3871496,9.400375,30,16.4583956,210,1.479,20,4,8.75
12,243,21,3.97,-0.960730564,92.20363784,335.468,10.406375,29.3871496,9.400375,30,24.20325,204.8367637,1.479,20,4,8.75
12,244,21,3.97,-0.961150747,92.20363784,335.468,10.406375,29.3871496,9.400375,30,24.20325,210,1.479,20,4,8.75
12,245,21,3.97,-0.963547188,92.20363784,335.468,10.406375,29.3871496,9.400375,30,31.9481044,210,1.479,20,4,8.75
12,246,21,3.97,-0.959878374,92.20363784,335.468,10.406375,29.3871496,9.400375,44.62916942,24.20325,210,1.479,20,4,8.75
12,247,21,3.97,-0.957445471,92.20363784,335.468,10.406375,29.3871496,10,30,24.20325,210,1.479,20,4,8.75
12,248,21,3.97,-0.941200033,92.20363784,335.468,10.406375,33.2595768,9.400375,30,24.20325,210,1.479,20,4,8.75
12,249,21,3.97,-0.943440955,92.20363784,335.468,11.69718407,29.3871496,9.400375,30,24.20325,210,1.479,20,4,8.75
12,250,21,3.97,-0.955200983,92.20363784,349.23663,10.406375,29.3871496,9.400375,30,24.20325,210,1.479,20,4,8.75
12,251,21,3.97,1.004317996,101.669571,335.468,10.406375,29.3871496,9.400375,30,24.20325,210,1.479,20,4,8.75
13,249,21,4.19,-0.72369411,10,335.468,10.406375,29.3871496,8.62588956,30,24.20325,210,1.479,20,4,8.75
13,250,21,4.19,-0.813599915,61.30125,257.708,6.897875,32.588375,9.743275,120.46975,46.95075,196.3905,1.479,20,4,8.75
13,251,21,4.19,-0.885721643,68.61625,308.332,9.253625,30.534125,9.342325,146.79425,37.32075,201.0825,1.479,20,4,8.75
13,252,21,4.19,-0.83318828,69.94175,348.06,9.802625,27.186125,8.942275,64.74375,47.26575,156.7965,1.479,20,4,8.75
13,253,21,4.19,-0.773052122,69.95825,348.172,7.557125,32.061875,9.898975,110.80525,73.59525,181.5555,1.479,20,4,8.75
13,254,21,4.19,-0.738014582,70.07925,306.26,7.227875,32.311625,9.417475,138.22625,87.73425,164.9865,1.479,20,4,8.75
13,255,21,4.19,-0.896080915,75.15025,313.028,8.970875,30.230375,9.465175,134.01875,46.74375,198.1185,1.479,20,4,8.75
13,256,21,4.19,0.964606251,92.20363784,200,10.406375,29.3871496,8.62588956,30,24.20325,210,1.479,20,4,8.75
13,257,21,4.19,-0.642639941,92.20363784,335.468,5,29.3871496,8.62588956,30,24.20325,210,1.479,20,4,8.75
13,258,21,4.19,-0.280539042,92.20363784,335.468,10.406375,5,8.62588956,30,24.20325,210,1.479,20,4,8.75
13,259,21,4.19,0.983532372,92.20363784,335.468,10.406375,29.3871496,1,30,24.20325,210,1.479,20,4,8.75
13,260,21,4.19,-0.954900298,92.20363784,335.468,10.406375,29.3871496,8.62588956,30,0,210,1.479,20,4,8.75
13,261,21,4.19,-0.958147362,92.20363784,335.468,10.406375,29.3871496,8.62588956,30,24.20325,150,1.479,20,4,8.75
13,262,21,4.19,-0.967942176,92.20363784,335.468,10.406375,29.3871496,8.62588956,30,24.20325,210,1.479,20,4,8.75
13,263,21,4.19,-0.962663031,92.20363784,335.468,10.406375,29.3871496,8.62588956,30,90,210,1.479,20,4,8.75
13,264,21,4.19,-0.936539443,92.20363784,335.468,10.406375,29.3871496,8.62588956,200,24.20325,210,1.479,20,4,8.75
13,265,21,4.19,-0.957445471,92.20363784,335.468,10.406375,29.3871496,10,30,24.20325,210,1.479,20,4,8.75
13,266,21,4.19,-0.617838765,92.20363784,335.468,10.406375,50,8.62588956,30,24.20325,210,1.479,20,4,8.75
13,267,21,4.19,1.036204206,92.20363784,335.468,20,29.3871496,8.62588956,30,24.20325,210,1.479,20,4,8.75
13,268,21,4.19,-0.955978839,92.20363784,360,10.406375,29.3871496,8.62588956,30,24.20325,210,1.479,20,4,8.75
13,269,21,4.19,0.999376527,120,335.468,10.406375,29.3871496,8.62588956,30,24.20325,210,1.479,20,4,8.75
14,267,21,5.23,-0.655324304,39.20225,359.908,5.676875,29.413625,8.867575,91.49325,39.80025,201.4395,1.479,20,4,8.75
14,268,21,5.23,-0.661038378,39.61475,335.98,7.194875,28.416875,9.934075,188.59725,10.72575,164.2365,1.479,20,4,8.75
14,269,21,5.23,-0.611470066,39.65875,355.708,5.862875,28.106375,9.250525,32.47775,42.87825,181.2525,1.479,20,4,8.75
14,270,21,5.23,-0.603072722,40.13725,355.612,5.675375,21.081875,9.189325,180.81975,36.59175,195.6135,1.479,20,4,8.75
14,271,21,5.23,-0.58822591,42.87075,345.212,5.334125,31.051625,9.981775,93.15075,85.55625,176.8095,1.479,20,4,8.75
14,272,21,5.23,-0.801613968,46.69875,290.34,8.017625,39.448625,9.926875,104.85525,86.75775,181.3095,1.479,20,4,8.75
14,273,21,5.23,-0.901564518,69.59418481,335.468,10.406375,29.3871496,8.62588956,30,24.20325,210,1.479,20,4,8.75
14,274,21,5.23,-0.965141589,92.20363784,302.5815229,10.406375,29.3871496,8.62588956,30,24.20325,210,1.479,20,4,8.75
14,275,21,5.23,-0.839720986,92.20363784,335.468,7.323267768,29.3871496,8.62588956,30,24.20325,210,1.479,20,4,8.75
14,276,21,5.23,-0.86161899,92.20363784,335.468,10.406375,20.13782791,8.62588956,30,24.20325,210,1.479,20,4,8.75
14,277,21,5.23,-0.986808792,92.20363784,335.468,10.406375,29.3871496,6.776025221,30,24.20325,210,1.479,20,4,8.75
14,278,21,5.23,-0.958614699,92.20363784,335.468,10.406375,29.3871496,8.62588956,30,5.70460661,210,1.479,20,4,8.75
14,279,21,5.23,-0.966768731,92.20363784,335.468,10.406375,29.3871496,8.62588956,30,24.20325,197.6675711,1.479,20,4,8.75
14,280,21,5.23,-0.967942176,92.20363784,335.468,10.406375,29.3871496,8.62588956,30,24.20325,210,1.479,20,4,8.75
14,281,21,5.23,-0.972094819,92.20363784,335.468,10.406375,29.3871496,8.62588956,30,42.70189339,210,1.479,20,4,8.75
14,282,21,5.23,-0.963925023,92.20363784,335.468,10.406375,29.3871496,8.62588956,64.94188196,24.20325,210,1.479,20,4,8.75
14,283,21,5.23,-0.957445471,92.20363784,335.468,10.406375,29.3871496,10,30,24.20325,210,1.479,20,4,8.75
14,284,21,5.23,-0.847940011,92.20363784,335.468,10.406375,38.6364713,8.62588956,30,24.20325,210,1.479,20,4,8.75
14,285,21,5.23,1.022028214,92.20363784,335.468,13.48948223,29.3871496,8.62588956,30,24.20325,210,1.479,20,4,8.75
14,286,21,5.23,-0.955978839,92.20363784,360,10.406375,29.3871496,8.62588956,30,24.20325,210,1.479,20,4,8.75
14,287,21,5.23,1.000701643,114.8130909,335.468,10.406375,29.3871496,8.62588956,30,24.20325,210,1.479,20,4,8.75
15,285,21,5.64,-0.746682174,10,335.468,10.406375,29.3871496,6.776025221,30,24.20325,210,1.479,20,4,8.75
15,286,21,5.64,-0.620482405,22.44375,359.068,8.886125,27.924125,9.917425,162.24725,78.34725,160.7475,1.479,20,4,8.75
15,287,21,5.64,-0.712794327,25.25975,354.42,7.848875,32.937125,9.834625,176.18725,35.36325,170.1735,1.479,20,4,8.75
15,288,21,5.64,-0.756438953,61.21325,231.092,8.653625,31.953875,9.232525,196.51075,86.68125,167.7345,1.479,20,4,8.75
15,289,21,5.64,-0.822411564,72.13075,316.044,10.834625,34.631375,9.624475,125.97775,77.04675,197.1345,1.479,20,4,8.75
15,290,21,5.64,-0.867444174,73.76975,339.996,11.084375,29.814125,9.996175,150.39825,15.44625,198.2295,1.479,20,4,8.75
15,291,21,5.64,-0.775021176,84.38475,356.62,7.662875,27.123125,9.788275,177.02025,79.69725,196.4085,1.479,20,4,8.75
15,292,21,5.64,0.964138842,92.20363784,200,10.406375,29.3871496,6.776025221,30,24.20325,210,1.479,20,4,8.75
15,293,21,5.64,-0.66210096,92.20363784,335.468,5,29.3871496,6.776025221,30,24.20325,210,1.479,20,4,8.75
15,294,21,5.64,-0.292829592,92.20363784,335.468,10.406375,5,6.776025221,30,24.20325,210,1.479,20,4,8.75
15,295,21,5.64,0.983532372,92.20363784,335.468,10.406375,29.3871496,1,30,24.20325,210,1.479,20,4,8.75
15,296,21,5.64,-0.973854192,92.20363784,335.468,10.406375,29.3871496,6.776025221,30,0,210,1.479,20,4,8.75
15,297,21,5.64,-0.977024225,92.20363784,335.468,10.406375,29.3871496,6.776025221,30,24.20325,150,1.479,20,4,8.75
15,298,21,5.64,-0.986808792,92.20363784,335.468,10.406375,29.3871496,6.776025221,30,24.20325,210,1.479,20,4,8.75
15,299,21,5.64,-0.981522588,92.20363784,335.468,10.406375,29.3871496,6.776025221,30,90,210,1.479,20,4,8.75
15,300,21,5.64,-0.952277762,92.20363784,335.468,10.406375,29.3871496,6.776025221,200,24.20325,210,1.479,20,4,8.75
15,301,21,5.64,-0.957445471,92.20363784,335.468,10.406375,29.3871496,10,30,24.20325,210,1.479,20,4,8.75
15,302,21,5.64,-0.62566619,92.20363784,335.468,10.406375,50,6.776025221,30,24.20325,210,1.479,20,4,8.75
15,303,21,5.64,1.034980666,92.20363784,335.468,20,29.3871496,6.776025221,30,24.20325,210,1.479,20,4,8.75
15,304,21,5.64,-0.972640901,92.20363784,360,10.406375,29.3871496,6.776025221,30,24.20325,210,1.479,20,4,8.75
15,305,21,5.64,0.998497138,120,335.468,10.406375,29.3871496,6.776025221,30,24.20325,210,1.479,20,4,8.75
16,304,21,6.03,-0.728755039,23.09275,354.412,6.834875,49.740125,9.597475,192.09075,34.11675,166.3245,1.479,20,4,8.75
16,305,21,6.03,-0.790176823,26.89325,225.188,5.446625,47.519375,9.935425,166.08925,45.58275,181.4715,1.479,20,4,8.75
16,306,21,6.03,-0.737025322,33.67475,318.06,12.579875,25.534625,9.543475,189.86375,61.14825,180.7665,1.479,20,4,8.75
16,307,21,6.03,-0.735605092,35.21475,273.988,11.948375,29.382125,9.997075,159.80775,52.23825,191.6805,1.479,20,4,8.75
16,308,21,6.03,-0.916321282,68.0296485,335.468,10.406375,29.3871496,6.776025221,30,24.20325,210,1.479,20,4,8.75
16,309,21,6.03,-0.976284576,88.08075,315.724,9.651125,32.167625,7.080175,84.88875,60.15375,201.1575,1.479,20,4,8.75
16,310,21,6.03,-0.884611229,89.29625,304.692,7.981625,31.420625,8.830675,119.95125,69.49125,185.4975,1.479,20,4,8.75
16,311,21,6.03,-0.985035342,92.20363784,300.3058337,10.406375,29.3871496,6.776025221,30,24.20325,210,1.479,20,4,8.75
16,312,21,6.03,-0.84593713,92.20363784,335.468,7.109921908,29.3871496,6.776025221,30,24.20325,210,1.479,20,4,8.75
16,313,21,6.03,-0.863606932,92.20363784,335.468,10.406375,19.49779033,6.776025221,30,24.20325,210,1.479,20,4,8.75
16,314,21,6.03,-0.997552111,92.20363784,335.468,10.406375,29.3871496,4.798153366,30,24.20325,210,1.479,20,4,8.75
16,315,21,6.03,-0.976733101,92.20363784,335.468,10.406375,29.3871496,6.776025221,30,4.424531449,210,1.479,20,4,8.75
16,316,21,6.03,-0.985555828,92.20363784,335.468,10.406375,29.3871496,6.776025221,30,24.20325,196.8141876,1.479,20,4,8.75
16,317,21,6.03,-0.986808792,92.20363784,335.468,10.406375,29.3871496,6.776025221,30,24.20325,210,1.479,20,4,8.75
16,318,21,6.03,-0.990975262,92.20363784,335.468,10.406375,29.3871496,6.776025221,30,43.98196855,210,1.479,20,4,8.75
16,319,21,6.03,-0.981740779,92.20363784,335.468,10.406375,29.3871496,6.776025221,67.35980171,24.20325,210,1.479,20,4,8.75
16,320,21,6.03,-0.966414456,92.20363784,335.468,10.406375,29.3871496,8.753897076,30,24.20325,210,1.479,20,4,8.75
16,321,21,6.03,-0.84941402,92.20363784,335.468,10.406375,39.27650888,6.776025221,30,24.20325,210,1.479,20,4,8.75
16,322,21,6.03,1.021686096,92.20363784,335.468,13.70282809,29.3871496,6.776025221,30,24.20325,210,1.479,20,4,8.75
16,323,21,6.03,-0.972640901,92.20363784,360,10.406375,29.3871496,6.776025221,30,24.20325,210,1.479,20,4,8.75
16,324,21,6.03,0.9994104,116.3776272,335.468,10.406375,29.3871496,6.776025221,30,24.20325,210,1.479,20,4,8.75
17,322,21,7.58,-0.762202409,10,335.468,10.406375,29.3871496,4.798153366,30,24.20325,210,1.479,20,4,8.75
17,323,21,7.58,-0.597997584,12.90675,358.94,5.103125,49.989875,8.683075,117.80075,45.39375,193.9395,1.479,20,4,8.75
17,324,21,7.58,-0.250618973,34.03225,357.268,6.105875,5.714375,9.840925,193.68025,19.90575,192.7815,1.479,20,4,8.75
17,325,21,7.58,-0.696936439,47.06725,354.372,5.088875,48.327125,9.672625,84.65925,78.87825,159.6915,1.479,20,4,8.75
17,326,21,7.58,-0.784033671,51.49475,268.18,9.756125,26.180375,9.986275,169.54025,56.81025,173.2905,1.479,20,4,8.75
17,327,21,7.58,-0.938420624,89.75825,357.732,9.564875,31.510625,6.881275,64.99025,38.63475,156.2295,1.479,20,4,8.75
17,328,21,7.58,-0.934074558,91.96375,350.972,8.740625,34.586375,7.723675,50.44675,79.97175,172.4505,1.479,20,4,8.75
17,329,21,7.58,0.963253445,92.20363784,200,10.406375,29.3871496,4.798153366,30,24.20325,210,1.479,20,4,8.75
17,330,21,7.58,-0.676783542,92.20363784,335.468,5,29.3871496,4.798153366,30,24.20325,210,1.479,20,4,8.75
17,331,21,7.58,-0.304394017,92.20363784,335.468,10.406375,5,4.798153366,30,24.20325,210,1.479,20,4,8.75
17,332,21,7.58,0.983532372,92.20363784,335.468,10.406375,29.3871496,1,30,24.20325,210,1.479,20,4,8.75
17,333,21,7.58,-0.984784202,92.20363784,335.468,10.406375,29.3871496,4.798153366,30,0,210,1.479,20,4,8.75
17,334,21,7.58,-0.987971768,92.20363784,335.468,10.406375,29.3871496,4.798153366,30,24.20325,150,1.479,20,4,8.75
17,335,21,7.58,-0.997552111,92.20363784,335.468,10.406375,29.3871496,4.798153366,30,24.20325,210,1.479,20,4,8.75
17,336,21,7.58,-0.992624332,92.20363784,335.468,10.406375,29.3871496,4.798153366,30,90,210,1.479,20,4,8.75
17,337,21,7.58,-0.961005036,92.20363784,335.468,10.406375,29.3871496,4.798153366,200,24.20325,210,1.479,20,4,8.75
17,338,21,7.58,-0.957445471,92.20363784,335.468,10.406375,29.3871496,10,30,24.20325,210,1.479,20,4,8.75
17,339,21,7.58,-0.625652467,92.20363784,335.468,10.406375,50,4.798153366,30,24.20325,210,1.479,20,4,8.75
17,340,21,7.58,1.032679129,92.20363784,335.468,20,29.3871496,4.798153366,30,24.20325,210,1.479,20,4,8.75
17,341,21,7.58,-0.981221308,92.20363784,360,10.406375,29.3871496,4.798153366,30,24.20325,210,1.479,20,4,8.75
17,342,21,7.58,0.996840309,120,335.468,10.406375,29.3871496,4.798153366,30,24.20325,210,1.479,20,4,8.75
18,342,21,7.91,-0.733086425,50.62025,350.02,8.124125,46.801625,9.408025,198.20225,60.90075,165.7545,1.479,20,4,8.75
18,343,21,7.91,-0.797595501,55.35025,359.02,8.400875,39.621875,9.852175,174.57225,76.65525,200.4105,1.479,20,4,8.75
18,344,21,7.91,-0.730535604,56.59875,246.724,11.088875,32.475875,9.928675,165.23075,75.37275,170.7885,1.479,20,4,8.75
18,345,21,7.91,-0.841858297,72.49925,349.02,9.398375,35.371625,8.654275,158.17575,18.60525,159.8685,1.479,20,4,8.75
18,346,21,7.91,-0.842835583,73.94025,358.26,10.763375,33.164375,9.051175,128.94425,45.91125,167.6655,1.479,20,4,8.75
18,347,21,7.91,-0.96819866,80.22100778,335.468,10.406375,29.3871496,4.798153366,30,24.20325,210,1.479,20,4,8.75
18,348,21,7.91,-1.000353956,92.20363784,318.0387199,10.406375,29.3871496,4.798153366,30,24.20325,210,1.479,20,4,8.75
18,349,21,7.91,-0.945660179,92.20363784,335.468,8.772379992,29.3871496,4.798153366,30,24.20325,210,1.479,20,4,8.75
18,350,21,7.91,-0.947395959,92.20363784,335.468,10.406375,24.48516458,4.798153366,30,24.20325,210,1.479,20,4,8.75
18,351,21,7.91,-0.993698901,92.20363784,335.468,10.406375,29.3871496,3.817756361,30,24.20325,210,1.479,20,4,8.75
18,352,21,7.91,-0.993302147,92.20363784,335.468,10.406375,29.3871496,4.798153366,30,14.39927995,210,1.479,20,4,8.75
18,353,21,7.91,-0.997027542,92.20363784,335.468,10.406375,29.3871496,4.798153366,30,24.20325,203.46402,1.479,20,4,8.75
18,354,21,7.91,-0.997552111,92.20363784,335.468,10.406375,29.3871496,4.798153366,30,24.20325,210,1.479,20,4,8.75
18,355,21,7.91,-1.000278387,92.20363784,335.468,10.406375,29.3871496,4.798153366,30,34.00722005,210,1.479,20,4,8.75
18,356,21,7.91,-0.995075118,92.20363784,335.468,10.406375,29.3871496,4.798153366,48.51861009,24.20325,210,1.479,20,4,8.75
18,357,21,7.91,-0.993715985,92.20363784,335.468,10.406375,29.3871496,5.778550371,30,24.20325,210,1.479,20,4,8.75
18,358,21,7.91,-0.957679757,92.20363784,335.468,10.406375,34.28913463,4.798153366,30,24.20325,210,1.479,20,4,8.75
18,359,21,7.91,-0.956179082,92.20363784,335.468,12.04037001,29.3871496,4.798153366,30,24.20325,210,1.479,20,4,8.75
18,360,21,7.91,-0.987162449,92.20363784,352.8972801,10.406375,29.3871496,4.798153366,30,24.20325,210,1.479,20,4,8.75
18,361,21,7.91,-0.925077181,93.82825,348.868,11.417375,23.653625,9.629425,30.22525,79.27425,196.5465,1.479,20,4,8.75
18,362,21,7.91,1.000700472,104.1862679,335.468,10.406375,29.3871496,4.798153366,30,24.20325,210,1.479,20,4,8.75
19,360,21,10.32,-0.776188842,10,318.0387199,10.406375,29.3871496,4.798153366,30,24.20325,210,1.479,20,4,8.75
19,361,21,10.32,-0.467896395,10.99825,350.268,11.375375,47.271875,9.941725,122.05925,34.20225,168.0645,1.479,20,4,8.75
19,362,21,10.32,-0.717512115,42.87075,344.964,10.244375,31.933625,9.404425,156.62025,83.02725,156.8535,1.479,20,4,8.75
19,363,21,10.32,-0.770276048,56.27975,262.804,5.109875,47.728625,9.824725,166.56525,77.10975,178.7715,1.479,20,4,8.75
19,364,21,10.32,-0.942472169,86.88175,330.156,11.176625,29.280875,4.966525,140.41075,86.87925,206.2095,1.479,20,4,8.75
19,365,21,10.32,-0.966132423,88.36675,354.58,10.270625,31.454375,4.421125,41.04575,55.00125,161.8275,1.479,20,4,8.75
19,366,21,10.32,-0.889903597,89.45575,349.588,11.679125,32.244125,4.644325,74.01725,54.90225,165.2685,1.479,20,4,8.75
19,367,21,10.32,0.963253445,92.20363784,200,10.406375,29.3871496,4.798153366,30,24.20325,210,1.479,20,4,8.75
19,368,21,10.32,-0.695749562,92.20363784,318.0387199,5,29.3871496,4.798153366,30,24.20325,210,1.479,20,4,8.75
19,369,21,10.32,-0.31934702,92.20363784,318.0387199,10.406375,5,4.798153366,30,24.20325,210,1.479,20,4,8.75
19,370,21,10.32,0.980380998,92.20363784,318.0387199,10.406375,29.3871496,1,30,24.20325,210,1.479,20,4,8.75
19,371,21,10.32,-0.988119996,92.20363784,318.0387199,10.406375,29.3871496,4.798153366,30,0,210,1.479,20,4,8.75
19,372,21,10.32,-0.991222107,92.20363784,318.0387199,10.406375,29.3871496,4.798153366,30,24.20325,150,1.479,20,4,8.75
19,373,21,10.32,-1.000353956,92.20363784,318.0387199,10.406375,29.3871496,4.798153366,30,24.20325,210,1.479,20,4,8.75
19,374,21,10.32,-0.995297318,92.20363784,318.0387199,10.406375,29.3871496,4.798153366,30,90,210,1.479,20,4,8.75
19,375,21,10.32,-0.962521468,92.20363784,318.0387199,10.406375,29.3871496,4.798153366,200,24.20325,210,1.479,20,4,8.75
19,376,21,10.32,-0.958070591,92.20363784,318.0387199,10.406375,29.3871496,10,30,24.20325,210,1.479,20,4,8.75
19,377,21,10.32,-0.60982906,92.20363784,318.0387199,10.406375,50,4.798153366,30,24.20325,210,1.479,20,4,8.75
19,378,21,10.32,1.026281911,92.20363784,318.0387199,20,29.3871496,4.798153366,30,24.20325,210,1.479,20,4,8.75
19,379,21,10.32,-0.981221308,92.20363784,360,10.406375,29.3871496,4.798153366,30,24.20325,210,1.479,20,4,8.75
19,380,21,10.32,0.992829283,120,318.0387199,10.406375,29.3871496,4.798153366,30,24.20325,210,1.479,20,4,8.75
20,380,21,10.34,-0.610316728,10.37675,352.156,5.198375,48.144875,4.675825,152.77825,19.04625,203.6535,1.479,20,4,8.75
20,381,21,10.34,-0.608628496,27.48725,252.068,5.381375,28.882625,9.928225,157.59775,6.46425,158.5065,1.479,20,4,8.75
20,382,21,10.34,-0.694617003,31.23275,341.684,5.192375,46.583375,9.886825,90.43075,4.49775,184.3575,1.479,20,4,8.75
20,383,21,10.34,-0.720243827,76.21175,300.052,5.126375,46.142375,9.968275,195.48225,89.44425,185.9685,1.479,20,4,8.75
20,384,21,10.34,-0.984691976,84.55789861,318.0387199,10.406375,29.3871496,4.798153366,30,24.20325,210,1.479,20,4,8.75
20,385,21,10.34,-0.90600196,85.94125,341.396,8.974625,27.233375,5.246425,35.47825,19.26675,197.1315,1.479,20,4,8.75
20,386,21,10.34,-0.815699017,89.79675,318.076,7.644125,26.664125,5.146525,171.96275,68.74425,169.3875,1.479,20,4,8.75
20,387,21,10.34,-0.998122345,92.20363784,306.9176447,10.406375,29.3871496,4.798153366,30,24.20325,210,1.479,20,4,8.75
20,388,21,10.34,-0.974206973,92.20363784,318.0387199,9.363774195,29.3871496,4.798153366,30,24.20325,210,1.479,20,4,8.75
20,389,21,10.34,-0.972403472,92.20363784,318.0387199,10.406375,26.25934719,4.798153366,30,24.20325,210,1.479,20,4,8.75
20,390,21,10.34,-0.998992697,92.20363784,318.0387199,10.406375,29.3871496,4.172592883,30,24.20325,210,1.479,20,4,8.75
20,391,21,10.34,-0.997945831,92.20363784,318.0387199,10.406375,29.3871496,4.798153366,30,17.94764517,210,1.479,20,4,8.75
20,392,21,10.34,-1.000054213,92.20363784,318.0387199,10.406375,29.3871496,4.798153366,30,24.20325,205.8295968,1.479,20,4,8.75
20,393,21,10.34,-1.000353956,92.20363784,318.0387199,10.406375,29.3871496,4.798153366,30,24.20325,210,1.479,20,4,8.75
20,394,21,10.34,-1.002196646,92.20363784,318.0387199,10.406375,29.3871496,4.798153366,30,30.45885483,210,1.479,20,4,8.75
20,395,21,10.34,-0.998780154,92.20363784,318.0387199,10.406375,29.3871496,4.798153366,41.81614246,24.20325,210,1.479,20,4,8.75
20,396,21,10.34,-0.99876042,92.20363784,318.0387199,10.406375,29.3871496,5.423713849,30,24.20325,210,1.479,20,4,8.75
20,397,21,10.34,-0.985970154,92.20363784,318.0387199,10.406375,32.51495202,4.798153366,30,24.20325,210,1.479,20,4,8.75
20,398,21,10.34,-0.983589519,92.20363784,318.0387199,11.44897581,29.3871496,4.798153366,30,24.20325,210,1.479,20,4,8.75
20,399,21,10.34,-0.999683191,92.20363784,329.1597952,10.406375,29.3871496,4.798153366,30,24.20325,210,1.479,20,4,8.75
20,400,21,10.34,0.997484145,99.84937708,318.0387199,10.406375,29.3871496,4.798153366,30,24.20325,210,1.479,20,4,8.75
21,398,21,11.1,-0.778319182,10,318.0387199,10.406375,29.3871496,4.798153366,30,30.45885483,210,1.479,20,4,8.75
21,399,21,11.1,-0.803133726,22.67475,256.252,5.202875,47.643125,9.812575,171.97975,36.51525,198.1395,1.479,20,4,8.75
21,400,21,11.1,-0.773417011,23.21375,275.156,5.769125,45.921875,9.917875,177.55575,83.94525,203.7855,1.479,20,4,8.75
21,401,21,11.1,-0.9134402,81.07925,344.132,8.769125,32.732375,7.131925,180.00375,60.11325,193.7205,1.479,20,4,8.75
21,402,21,11.1,-0.975524857,84.14275,323.684,10.235375,28.925375,5.539375,52.11275,41.47425,196.7355,1.479,20,4,8.75
21,403,21,11.1,-0.931425257,87.42625,320.116,10.192625,26.713625,5.120425,118.23425,58.58325,169.0635,1.479,20,4,8.75
21,404,21,11.1,-0.952906483,90.42375,327.228,10.940375,26.785625,4.359475,124.82175,18.83025,178.0515,1.479,20,4,8.75
21,405,21,11.1,0.961904315,92.20363784,200,10.406375,29.3871496,4.798153366,30,30.45885483,210,1.479,20,4,8.75
21,406,21,11.1,-0.699189849,92.20363784,318.0387199,5,29.3871496,4.798153366,30,30.45885483,210,1.479,20,4,8.75
21,407,21,11.1,-0.325703441,92.20363784,318.0387199,10.406375,5,4.798153366,30,30.45885483,210,1.479,20,4,8.75
21,408,21,11.1,0.978780383,92.20363784,318.0387199,10.406375,29.3871496,1,30,30.45885483,210,1.479,20,4,8.75
21,409,21,11.1,-0.988119996,92.20363784,318.0387199,10.406375,29.3871496,4.798153366,30,0,210,1.479,20,4,8.75
21,410,21,11.1,-0.991366186,92.20363784,318.0387199,10.406375,29.3871496,4.798153366,30,30.45885483,150,1.479,20,4,8.75
21,411,21,11.1,-1.002196646,92.20363784,318.0387199,10.406375,29.3871496,4.798153366,30,30.45885483,210,1.479,20,4,8.75
21,412,21,11.1,-0.995297318,92.20363784,318.0387199,10.406375,29.3871496,4.798153366,30,90,210,1.479,20,4,8.75
21,413,21,11.1,-0.971635142,92.20363784,318.0387199,10.406375,29.3871496,4.798153366,200,30.45885483,210,1.479,20,4,8.75
21,414,21,11.1,-0.960013728,92.20363784,318.0387199,10.406375,29.3871496,10,30,30.45885483,210,1.479,20,4,8.75
21,415,21,11.1,-0.610779569,92.20363784,318.0387199,10.406375,50,4.798153366,30,30.45885483,210,1.479,20,4,8.75
21,416,21,11.1,1.025288292,92.20363784,318.0387199,20,29.3871496,4.798153366,30,30.45885483,210,1.479,20,4,8.75
21,417,21,11.1,-0.983262271,92.20363784,360,10.406375,29.3871496,4.798153366,30,30.45885483,210,1.479,20,4,8.75
21,418,21,11.1,0.991045889,120,318.0387199,10.406375,29.3871496,4.798153366,30,30.45885483,210,1.479,20,4,8.75
22,418,21,13.1,-0.653285878,20.67275,284.74,8.785625,47.985125,9.798175,189.73625,41.63175,175.0365,1.479,20,4,8.75
22,419,21,13.1,-0.988957454,85.63169047,318.0387199,10.406375,29.3871496,4.798153366,30,30.45885483,210,1.479,20,4,8.75
22,420,21,13.1,-0.970164261,89.72525,300.524,10.199375,28.986125,4.565125,133.33875,29.59425,196.0305,1.479,20,4,8.75
22,421,21,13.1,-0.959634266,90.11575,321.772,9.296375,30.239375,3.737575,35.69925,10.23075,168.7635,1.479,20,4,8.75
22,422,21,13.1,-0.959909774,91.10025,337.676,11.325125,30.723125,4.650625,61.85375,62.90775,191.0175,1.479,20,4,8.75
22,423,21,13.1,-0.832358025,91.16075,344.132,7.856375,33.508625,9.709075,193.97775,84.12975,187.4235,1.479,20,4,8.75
22,424,21,13.1,-1.000419017,92.20363784,308.4795237,10.406375,29.3871496,4.798153366,30,30.45885483,210,1.479,20,4,8.75
22,425,21,13.1,-0.98091795,92.20363784,318.0387199,9.510200358,29.3871496,4.798153366,30,30.45885483,210,1.479,20,4,8.75
22,426,21,13.1,-0.979125911,92.20363784,318.0387199,10.406375,26.69862568,4.798153366,30,30.45885483,210,1.479,20,4,8.75
22,427,21,13.1,-1.001237213,92.20363784,318.0387199,10.406375,29.3871496,4.26044858,30,30.45885483,210,1.479,20,4,8.75
22,428,21,13.1,-1.000651089,92.20363784,318.0387199,10.406375,29.3871496,4.798153366,30,25.08180698,210,1.479,20,4,8.75
22,429,21,13.1,-1.001884839,92.20363784,318.0387199,10.406375,29.3871496,4.798153366,30,30.45885483,206.4153014,1.479,20,4,8.75
22,430,21,13.1,-1.002196646,92.20363784,318.0387199,10.406375,29.3871496,4.798153366,30,30.45885483,210,1.479,20,4,8.75
22,431,21,13.1,-1.003308662,92.20363784,318.0387199,10.406375,29.3871496,4.798153366,30,35.83590269,210,1.479,20,4,8.75
22,432,21,13.1,-1.001434061,92.20363784,318.0387199,10.406375,29.3871496,4.798153366,40.15664595,30.45885483,210,1.479,20,4,8.75
22,433,21,13.1,-1.000976445,92.20363784,318.0387199,10.406375,29.3871496,5.335858151,30,30.45885483,210,1.479,20,4,8.75
22,434,21,13.1,-0.993323221,92.20363784,318.0387199,10.406375,32.07567353,4.798153366,30,30.45885483,210,1.479,20,4,8.75
22,435,21,13.1,-0.991048908,92.20363784,318.0387199,11.30254964,29.3871496,4.798153366,30,30.45885483,210,1.479,20,4,8.75
22,436,21,13.1,-1.001822961,92.20363784,327.5979161,10.406375,29.3871496,4.798153366,30,30.45885483,210,1.479,20,4,8.75
22,437,21,13.1,-0.665648735,93.01425,341.692,7.730375,23.552375,9.948025,156.79025,88.53075,158.1405,1.479,20,4,8.75
22,438,21,13.1,0.995873589,98.77558522,318.0387199,10.406375,29.3871496,4.798153366,30,30.45885483,210,1.479,20,4,8.75
23,436,21,13.62,-0.779616351,10,318.0387199,10.406375,29.3871496,4.798153366,30,35.83590269,210,1.479,20,4,8.75
23,437,21,13.62,-0.640976102,31.29325,301.124,5.187875,37.259375,9.783775,158.09075,84.09375,172.8195,1.479,20,4,8.75
23,438,21,13.62,-0.768627857,43.54175,339.924,5.396375,46.855625,9.885025,104.41325,22.01625,199.6335,1.479,20,4,8.75
23,439,21,13.62,-0.647537237,45.75275,359.22,5.197625,38.859125,9.833725,117.58825,13.84425,161.3865,1.479,20,4,8.75
23,440,21,13.62,-0.836087586,59.05175,276.78,8.578625,29.629625,9.986275,144.87325,48.67875,192.0525,1.479,20,4,8.75
23,441,21,13.62,-0.972066206,89.06525,323.86,10.561625,29.044625,5.816125,147.04925,28.86525,206.3085,1.479,20,4,8.75
23,442,21,13.62,-0.98273057,90.02775,323.404,10.105625,30.365375,4.492675,42.72875,88.33275,189.8565,1.479,20,4,8.75
23,443,21,13.62,0.96110221,92.20363784,200,10.406375,29.3871496,4.798153366,30,35.83590269,210,1.479,20,4,8.75
23,444,21,13.62,-0.701297886,92.20363784,318.0387199,5,29.3871496,4.798153366,30,35.83590269,210,1.479,20,4,8.75
23,445,21,13.62,-0.328948029,92.20363784,318.0387199,10.406375,5,4.798153366,30,35.83590269,210,1.479,20,4,8.75
23,446,21,13.62,0.977828762,92.20363784,318.0387199,10.406375,29.3871496,1,30,35.83590269,210,1.479,20,4,8.75
23,447,21,13.62,-0.988119996,92.20363784,318.0387199,10.406375,29.3871496,4.798153366,30,0,210,1.479,20,4,8.75
23,448,21,13.62,-0.991258508,92.20363784,318.0387199,10.406375,29.3871496,4.798153366,30,35.83590269,150,1.479,20,4,8.75
23,449,21,13.62,-1.003308662,92.20363784,318.0387199,10.406375,29.3871496,4.798153366,30,35.83590269,210,1.479,20,4,8.75
23,450,21,13.62,-0.995297318,92.20363784,318.0387199,10.406375,29.3871496,4.798153366,30,90,210,1.479,20,4,8.75
23,451,21,13.62,-0.977079287,92.20363784,318.0387199,10.406375,29.3871496,4.798153366,200,35.83590269,210,1.479,20,4,8.75
23,452,21,13.62,-0.961158233,92.20363784,318.0387199,10.406375,29.3871496,10,30,35.83590269,210,1.479,20,4,8.75
23,453,21,13.62,-0.611345136,92.20363784,318.0387199,10.406375,50,4.798153366,30,35.83590269,210,1.479,20,4,8.75
23,454,21,13.62,1.024697551,92.20363784,318.0387199,20,29.3871496,4.798153366,30,35.83590269,210,1.479,20,4,8.75
23,455,21,13.62,-0.984518614,92.20363784,360,10.406375,29.3871496,4.798153366,30,35.83590269,210,1.479,20,4,8.75
23,456,21,13.62,0.989985599,120,318.0387199,10.406375,29.3871496,4.798153366,30,35.83590269,210,1.479,20,4,8.75
24,456,21,15.16,-0.729392461,12.08725,221.652,6.013625,49.058375,9.867475,192.65175,12.45825,159.4455,1.479,20,4,8.75
24,457,21,15.16,-0.964186516,75.3230844,318.0387199,10.406375,29.3871496,4.798153366,30,35.83590269,210,1.479,20,4,8.75
24,458,21,15.16,-0.939434929,89.25775,327.812,8.806625,30.311375,6.429925,129.32675,49.06125,186.0495,1.479,20,4,8.75
24,459,21,15.16,-0.909549791,90.39075,328.492,8.997875,23.703125,5.733325,180.98125,54.56925,205.8915,1.479,20,4,8.75
24,460,21,15.16,-0.903690858,90.47875,321.044,9.189125,25.012625,7.334875,159.24675,36.41175,191.8965,1.479,20,4,8.75
24,461,21,15.16,-0.961686331,91.18825,341.212,10.796375,27.363875,5.178025,92.65775,75.69225,187.3125,1.479,20,4,8.75
24,462,21,15.16,-0.933969631,91.85925,313.516,9.179375,27.971375,5.872375,45.27025,56.44575,159.5295,1.479,20,4,8.75
24,463,21,15.16,-0.995885182,92.20363784,293.4851876,10.406375,29.3871496,4.798153366,30,35.83590269,210,1.479,20,4,8.75
24,464,21,15.16,-0.92897194,92.20363784,318.0387199,8.104481348,29.3871496,4.798153366,30,35.83590269,210,1.479,20,4,8.75
24,465,21,15.16,-0.930837202,92.20363784,318.0387199,10.406375,22.48146865,4.798153366,30,35.83590269,210,1.479,20,4,8.75
24,466,21,15.16,-0.994183688,92.20363784,318.0387199,10.406375,29.3871496,3.417017175,30,35.83590269,210,1.479,20,4,8.75
24,467,21,15.16,-0.999576655,92.20363784,318.0387199,10.406375,29.3871496,4.798153366,30,22.02454078,210,1.479,20,4,8.75
24,468,21,15.16,-1.002284471,92.20363784,318.0387199,10.406375,29.3871496,4.798153366,30,35.83590269,200.7924254,1.479,20,4,8.75
24,469,21,15.16,-1.003308662,92.20363784,318.0387199,10.406375,29.3871496,4.798153366,30,35.83590269,210,1.479,20,4,8.75
24,470,21,15.16,-1.004418202,92.20363784,318.0387199,10.406375,29.3871496,4.798153366,30,49.6472646,210,1.479,20,4,8.75
24,471,21,15.16,-1.001773873,92.20363784,318.0387199,10.406375,29.3871496,4.798153366,56.08812805,35.83590269,210,1.479,20,4,8.75
24,472,21,15.16,-0.997256979,92.20363784,318.0387199,10.406375,29.3871496,6.179289557,30,35.83590269,210,1.479,20,4,8.75
24,473,21,15.16,-0.915046164,92.20363784,318.0387199,10.406375,36.29283056,4.798153366,30,35.83590269,210,1.479,20,4,8.75
24,474,21,15.16,1.008187351,92.20363784,318.0387199,12.70826865,29.3871496,4.798153366,30,35.83590269,210,1.479,20,4,8.75
24,475,21,15.16,-0.997176257,92.20363784,342.5922522,10.406375,29.3871496,4.798153366,30,35.83590269,210,1.479,20,4,8.75
24,476,21,15.16,0.992460975,109.0841913,318.0387199,10.406375,29.3871496,4.798153366,30,35.83590269,210,1.479,20,4,8.75
25,474,21,18.28,-0.780963751,10,318.0387199,10.406375,29.3871496,4.798153366,30,49.6472646,210,1.479,20,4,8.75
25,475,21,18.28,-0.487653208,25.82075,348.412,5.144375,24.825875,9.696925,182.72375,25.45875,162.5895,1.479,20,4,8.75
25,476,21,18.28,-0.635692918,26.21125,327.996,5.420375,26.074625,9.739225,193.10225,37.00575,190.5075,1.479,20,4,8.75
25,477,21,18.28,-0.759013712,34.65925,332.596,5.094125,48.599375,9.601525,140.47875,52.53525,180.7275,1.479,20,4,8.75
25,478,21,18.28,-0.930143038,89.47775,354.692,11.162375,26.396375,5.230225,108.25525,22.56525,150.9795,1.479,20,4,8.75
25,479,21,18.28,-0.946242433,91.84825,354.892,11.634875,30.516125,5.952925,35.03625,18.93375,205.6365,1.479,20,4,8.75
25,480,21,18.28,0.960459963,92.20363784,200,10.406375,29.3871496,4.798153366,30,49.6472646,210,1.479,20,4,8.75
25,481,21,18.28,-0.703477348,92.20363784,318.0387199,5,29.3871496,4.798153366,30,49.6472646,210,1.479,20,4,8.75
25,482,21,18.28,-0.332959313,92.20363784,318.0387199,10.406375,5,4.798153366,30,49.6472646,210,1.479,20,4,8.75
25,483,21,18.28,0.977068277,92.20363784,318.0387199,10.406375,29.3871496,1,30,49.6472646,210,1.479,20,4,8.75
25,484,21,18.28,-0.988119996,92.20363784,318.0387199,10.406375,29.3871496,4.798153366,30,0,210,1.479,20,4,8.75
25,485,21,18.28,-0.990079967,92.20363784,318.0387199,10.406375,29.3871496,4.798153366,30,49.6472646,150,1.479,20,4,8.75
25,486,21,18.28,-1.004418202,92.20363784,318.0387199,10.406375,29.3871496,4.798153366,30,49.6472646,210,1.479,20,4,8.75
25,487,21,18.28,-0.995297318,92.20363784,318.0387199,10.406375,29.3871496,4.798153366,30,90,210,1.479,20,4,8.75
25,488,21,18.28,-0.982339776,92.20363784,318.0387199,10.406375,29.3871496,4.798153366,200,49.6472646,210,1.479,20,4,8.75
25,489,21,18.28,-0.962306068,92.20363784,318.0387199,10.406375,29.3871496,10,30,49.6472646,210,1.479,20,4,8.75
25,490,21,18.28,-0.61193304,92.20363784,318.0387199,10.406375,50,4.798153366,30,49.6472646,210,1.479,20,4,8.75
25,491,21,18.28,1.024228074,92.20363784,318.0387199,20,29.3871496,4.798153366,30,49.6472646,210,1.479,20,4,8.75
25,492,21,18.28,-0.985738021,92.20363784,360,10.406375,29.3871496,4.798153366,30,49.6472646,210,1.479,20,4,8.75
25,493,21,18.28,-0.933674627,93.22875,342.036,11.280125,28.808375,4.286575,199.60475,19.17225,187.7655,1.479,20,4,8.75
25,494,21,18.28,0.989139472,120,318.0387199,10.406375,29.3871496,4.798153366,30,49.6472646,210,1.479,20,4,8.75
26,494,21,21.57,-0.532231327,14.41925,343.932,5.111375,43.194875,9.946675,123.01975,4.60125,202.8825,1.479,20,4,8.75
26,495,21,21.57,-0.550912739,14.57875,326.74,9.466625,48.484625,9.927775,187.14375,83.30625,162.8835,1.479,20,4,8.75
26,496,21,21.57,-0.221343811,36.13325,348.788,5.337125,12.734375,9.806725,80.57075,85.81725,171.1875,1.479,20,4,8.75
26,497,21,21.57,-0.941501117,67.56090684,318.0387199,10.406375,29.3871496,4.798153366,30,49.6472646,210,1.479,20,4,8.75
26,498,21,21.57,-0.957797435,88.82875,321.412,10.608125,31.760375,5.970025,60.74875,71.60625,169.8675,1.479,20,4,8.75
26,499,21,21.57,-0.926845636,91.23225,349.452,11.239625,29.564375,3.732175,168.39275,28.69875,172.1715,1.479,20,4,8.75
26,500,21,21.57,0.985980529,92.20363784,282.1947475,10.406375,29.3871496,4.798153366,30,49.6472646,210,1.479,20,4,8.75
26,501,21,21.57,-0.873887812,92.20363784,318.0387199,7.04600259,29.3871496,4.798153366,30,49.6472646,210,1.479,20,4,8.75
26,502,21,21.57,-0.884603544,92.20363784,318.0387199,10.406375,19.30603237,4.798153366,30,49.6472646,210,1.479,20,4,8.75
26,503,21,21.57,0.991377323,92.20363784,318.0387199,10.406375,29.3871496,2.78192992,30,49.6472646,210,1.479,20,4,8.75
26,504,21,21.57,-1.001949656,92.20363784,318.0387199,10.406375,29.3871496,4.798153366,30,29.48503014,210,1.479,20,4,8.75
26,505,21,21.57,-1.002388395,92.20363784,318.0387199,10.406375,29.3871496,4.798153366,30,49.6472646,196.5585104,1.479,20,4,8.75
26,506,21,21.57,-1.004418202,92.20363784,318.0387199,10.406375,29.3871496,4.798153366,30,49.6472646,210,1.479,20,4,8.75
26,507,21,21.57,-1.001969667,92.20363784,318.0387199,10.406375,29.3871496,4.798153366,30,69.80949905,210,1.479,20,4,8.75
26,508,21,21.57,-1.002927613,92.20363784,318.0387199,10.406375,29.3871496,4.798153366,68.08422065,49.6472646,210,1.479,20,4,8.75
26,509,21,21.57,-0.993331166,92.20363784,318.0387199,10.406375,29.3871496,6.814376812,30,49.6472646,210,1.479,20,4,8.75
26,510,21,21.57,-0.844029251,92.20363784,318.0387199,10.406375,39.46826683,4.798153366,30,49.6472646,210,1.479,20,4,8.75
26,511,21,21.57,1.011461196,92.20363784,318.0387199,13.76674741,29.3871496,4.798153366,30,49.6472646,210,1.479,20,4,8.75
26,512,21,21.57,-0.990883699,92.20363784,353.8826923,10.406375,29.3871496,4.798153366,30,49.6472646,210,1.479,20,4,8.75
26,513,21,21.57,-0.754131051,106.02175,352.42,5.004125,47.908625,9.488125,164.46575,77.14125,183.5685,1.479,20,4,8.75
26,514,21,21.57,0.989852177,116.8463688,318.0387199,10.406375,29.3871496,4.798153366,30,49.6472646,210,1.479,20,4,8.75
27,514,21,22.38,-0.566685068,10.73425,356.74,5.487875,49.600625,8.676775,159.96925,87.26625,195.0135,1.479,20,4,8.75
27,515,21,22.38,-0.142948641,20.40875,359.94,5.542625,6.657125,9.770725,126.21575,39.39525,175.4805,1.479,20,4,8.75
27,516,21,22.38,-0.627692154,30.82025,355.74,5.067875,34.721375,9.889075,168.59675,63.74475,183.1935,1.479,20,4,8.75
27,517,21,22.38,-0.977681922,79.92906889,318.0387199,10.406375,29.3871496,4.798153366,30,49.6472646,210,1.479,20,4,8.75
27,518,21,22.38,-0.921557619,89.71425,329.356,9.225875,31.377875,6.506425,194.23275,73.48725,187.4205,1.479,20,4,8.75
27,519,21,22.38,-0.801309043,89.98375,326.444,10.265375,39.939125,6.102775,156.36525,64.27575,172.4085,1.479,20,4,8.75
27,520,21,22.38,-0.999134989,92.20363784,300.1848014,10.406375,29.3871496,4.798153366,30,49.6472646,210,1.479,20,4,8.75
27,521,21,22.38,-0.956893173,92.20363784,318.0387199,8.732570142,29.3871496,4.798153366,30,49.6472646,210,1.479,20,4,8.75
27,522,21,22.38,-0.956070609,92.20363784,318.0387199,10.406375,24.36573503,4.798153366,30,49.6472646,210,1.479,20,4,8.75
27,523,21,22.38,-1.000184354,92.20363784,318.0387199,10.406375,29.3871496,3.793870451,30,49.6472646,210,1.479,20,4,8.75
27,524,21,22.38,-1.003857552,92.20363784,318.0387199,10.406375,29.3871496,4.798153366,30,39.60443545,210,1.479,20,4,8.75
27,525,21,22.38,-1.003519933,92.20363784,318.0387199,10.406375,29.3871496,4.798153366,30,49.6472646,203.3047806,1.479,20,4,8.75
27,526,21,22.38,-1.004418202,92.20363784,318.0387199,10.406375,29.3871496,4.798153366,30,49.6472646,210,1.479,20,4,8.75
27,527,21,22.38,-1.003746573,92.20363784,318.0387199,10.406375,29.3871496,4.798153366,30,59.69009374,210,1.479,20,4,8.75
27,528,21,22.38,-1.004093171,92.20363784,318.0387199,10.406375,29.3871496,4.798153366,48.96978839,49.6472646,210,1.479,20,4,8.75
27,529,21,22.38,-1.000857101,92.20363784,318.0387199,10.406375,29.3871496,5.802436281,30,49.6472646,210,1.479,20,4,8.75
27,530,21,22.38,-0.955752496,92.20363784,318.0387199,10.406375,34.40856418,4.798153366,30,49.6472646,210,1.479,20,4,8.75
27,531,21,22.38,1.004659352,92.20363784,318.0387199,12.08017986,29.3871496,4.798153366,30,49.6472646,210,1.479,20,4,8.75
27,532,21,22.38,-1.001602732,92.20363784,335.8926384,10.406375,29.3871496,4.798153366,30,49.6472646,210,1.479,20,4,8.75
27,533,21,22.38,-0.985195718,92.52475,341.452,10.793375,30.846875,5.214475,50.09825,57.50325,188.8755,1.479,20,4,8.75
27,534,21,22.38,0.992625973,104.4782068,318.0387199,10.406375,29.3871496,4.798153366,30,49.6472646,210,1.479,20,4,8.75
28,534,21,26.93,-0.547352927,12.46675,358.124,5.600375,44.196125,9.521425,197.44575,14.45625,164.8515,1.479,20,4,8.75
28,535,21,26.93,-0.718721186,22.85075,343.588,8.103875,49.710875,9.994825,167.88275,62.25975,208.5225,1.479,20,4,8.75
28,536,21,26.93,-0.669804522,28.23525,357.964,5.081375,46.284125,8.913475,37.94325,83.01375,206.2695,1.479,20,4,8.75
28,537,21,26.93,-0.466331259,50.03725,355.692,5.122625,16.795625,8.804125,177.41975,85.31775,207.3795,1.479,20,4,8.75
28,538,21,26.93,-0.762373156,68.48975,330.068,5.628875,49.566875,9.634375,88.54375,88.49025,159.6555,1.479,20,4,8.75
28,539,21,26.93,-0.770028173,71.71275,336.66,5.384375,44.733875,9.815275,193.98625,56.11275,180.0465,1.479,20,4,8.75
28,540,21,26.93,-0.970900145,77.33776681,318.0387199,10.406375,29.3871496,4.798153366,30,49.6472646,210,1.479,20,4,8.75
28,541,21,26.93,-0.998026865,92.20363784,296.4156348,10.406375,29.3871496,4.798153366,30,49.6472646,210,1.479,20,4,8.75
28,542,21,26.93,-0.942624138,92.20363784,318.0387199,8.379210768,29.3871496,4.798153366,30,49.6472646,210,1.479,20,4,8.75
28,543,21,26.93,-0.943100039,92.20363784,318.0387199,10.406375,23.30565691,4.798153366,30,49.6472646,210,1.479,20,4,8.75
28,544,21,26.93,-0.997717379,92.20363784,318.0387199,10.406375,29.3871496,3.581854827,30,49.6472646,210,1.479,20,4,8.75
28,545,21,26.93,-1.00356904,92.20363784,318.0387199,10.406375,29.3871496,4.798153366,30,37.48427921,210,1.479,20,4,8.75
28,546,21,26.93,-1.003296524,92.20363784,318.0387199,10.406375,29.3871496,4.798153366,30,49.6472646,201.8913431,1.479,20,4,8.75
28,547,21,26.93,-1.004418202,92.20363784,318.0387199,10.406375,29.3871496,4.798153366,30,49.6472646,210,1.479,20,4,8.75
28,548,21,26.93,-1.0034621,92.20363784,318.0387199,10.406375,29.3871496,4.798153366,30,61.81024998,210,1.479,20,4,8.75
28,549,21,26.93,-1.003911009,92.20363784,318.0387199,10.406375,29.3871496,4.798153366,52.97452796,49.6472646,210,1.479,20,4,8.75
28,550,21,26.93,-0.999472702,92.20363784,318.0387199,10.406375,29.3871496,6.014451905,30,49.6472646,210,1.479,20,4,8.75
28,551,21,26.93,-0.933543488,92.20363784,318.0387199,10.406375,35.4686423,4.798153366,30,49.6472646,210,1.479,20,4,8.75
28,552,21,26.93,1.006268955,92.20363784,318.0387199,12.43353923,29.3871496,4.798153366,30,49.6472646,210,1.479,20,4,8.75
28,553,21,26.93,-0.999872965,92.20363784,339.6618051,10.406375,29.3871496,4.798153366,30,49.6472646,210,1.479,20,4,8.75
28,554,21,26.93,0.992048037,107.0695089,318.0387199,10.406375,29.3871496,4.798153366,30,49.6472646,210,1.479,20,4,8.75
29,554,21,29.83,-0.42184885,11.46575,354.9,5.255375,22.670375,9.087175,183.62475,32.00625,174.6615,1.479,20,4,8.75
29,555,21,29.83,-0.724476935,21.37125,349.868,5.409125,47.262875,9.716275,188.87775,46.25325,206.7105,1.479,20,4,8.75
29,556,21,29.83,-0.646050624,56.12575,299.14,5.068625,35.486375,9.975025,141.97475,88.63425,178.1835,1.479,20,4,8.75
29,557,21,29.83,-0.475704233,66.11375,351.948,5.262125,17.130875,9.687925,107.80475,73.71675,203.2875,1.479,20,4,8.75
29,558,21,29.83,-0.605834943,66.83425,352.588,5.171375,25.444625,9.295525,160.41975,69.74325,191.5335,1.479,20,4,8.75
29,559,21,29.83,-0.951538555,70.66533551,318.0387199,10.406375,29.3871496,4.798153366,30,49.6472646,210,1.479,20,4,8.75
29,560,21,29.83,-0.993484443,92.20363784,286.7102802,10.406375,29.3871496,4.798153366,30,49.6472646,210,1.479,20,4,8.75
29,561,21,29.83,-0.898550221,92.20363784,318.0387199,7.469333773,29.3871496,4.798153366,30,49.6472646,210,1.479,20,4,8.75
29,562,21,29.83,-0.905051712,92.20363784,318.0387199,10.406375,20.57602592,4.798153366,30,49.6472646,210,1.479,20,4,8.75
29,563,21,29.83,-0.987472001,92.20363784,318.0387199,10.406375,29.3871496,3.03592863,30,49.6472646,210,1.479,20,4,8.75
29,564,21,29.83,-1.002562728,92.20363784,318.0387199,10.406375,29.3871496,4.798153366,30,32.02501723,210,1.479,20,4,8.75
29,565,21,29.83,-1.002682961,92.20363784,318.0387199,10.406375,29.3871496,4.798153366,30,49.6472646,198.2518351,1.479,20,4,8.75
29,566,21,29.83,-1.004418202,92.20363784,318.0387199,10.406375,29.3871496,4.798153366,30,49.6472646,210,1.479,20,4,8.75
29,567,21,29.83,-1.002517681,92.20363784,318.0387199,10.406375,29.3871496,4.798153366,30,67.26951196,210,1.479,20,4,8.75
29,568,21,29.83,-1.003294106,92.20363784,318.0387199,10.406375,29.3871496,4.798153366,63.28646724,49.6472646,210,1.479,20,4,8.75
29,569,21,29.83,-0.995503553,92.20363784,318.0387199,10.406375,29.3871496,6.560378102,30,49.6472646,210,1.479,20,4,8.75
29,570,21,29.83,-0.873029029,92.20363784,318.0387199,10.406375,38.19827328,4.798153366,30,49.6472646,210,1.479,20,4,8.75
29,571,21,29.83,1.009950457,92.20363784,318.0387199,13.34341623,29.3871496,4.798153366,30,49.6472646,210,1.479,20,4,8.75
29,572,21,29.83,-0.994185013,92.20363784,349.3671597,10.406375,29.3871496,4.798153366,30,49.6472646,210,1.479,20,4,8.75
29,573,21,29.83,-0.679436989,96.01175,358.7,5.016875,37.101875,9.981775,73.20125,78.19875,190.1805,1.479,20,4,8.75
29,574,21,29.83,0.990551818,113.7419402,318.0387199,10.406375,29.3871496,4.798153366,30,49.6472646,210,1.479,20,4,8.75
30,574,21,31.45,-0.704678785,18.01075,347.916,6.381125,46.511375,9.692875,115.25925,84.38175,202.2465,1.479,20,4,8.75
30,575,21,31.45,-0.67967057,18.03825,359.052,6.162875,46.236875,9.461575,43.71475,61.13925,199.8435,1.479,20,4,8.75
30,576,21,31.45,-0.802681464,58.79325,358.892,5.891375,48.891875,9.522775,148.68125,53.33175,185.4285,1.479,20,4,8.75
30,577,21,31.45,-0.941947292,67.70091816,318.0387199,10.406375,29.3871496,4.798153366,30,49.6472646,210,1.479,20,4,8.75
30,578,21,31.45,-0.708215088,69.96925,350.804,5.634125,39.282125,9.978175,60.29825,87.66225,179.3535,1.479,20,4,8.75
30,579,21,31.45,-0.813805499,79.35225,359.612,6.021875,45.710375,9.999775,142.66325,50.21775,196.2855,1.479,20,4,8.75
30,580,21,31.45,0.986036393,92.20363784,282.3984004,10.406375,29.3871496,4.798153366,30,49.6472646,210,1.479,20,4,8.75
30,581,21,31.45,-0.875064527,92.20363784,318.0387199,7.065095043,29.3871496,4.798153366,30,49.6472646,210,1.479,20,4,8.75
30,582,21,31.45,-0.885573755,92.20363784,318.0387199,10.406375,19.36330973,4.798153366,30,49.6472646,210,1.479,20,4,8.75
30,583,21,31.45,0.991414724,92.20363784,318.0387199,10.406375,29.3871496,2.793385392,30,49.6472646,210,1.479,20,4,8.75
30,584,21,31.45,-1.001977932,92.20363784,318.0387199,10.406375,29.3871496,4.798153366,30,29.59958486,210,1.479,20,4,8.75
30,585,21,31.45,-1.00239731,92.20363784,318.0387199,10.406375,29.3871496,4.798153366,30,49.6472646,196.6348802,1.479,20,4,8.75
30,586,21,31.45,-1.004418202,92.20363784,318.0387199,10.406375,29.3871496,4.798153366,30,49.6472646,210,1.479,20,4,8.75
30,587,21,31.45,-1.002322675,92.20363784,318.0387199,10.406375,29.3871496,4.798153366,30,69.69494434,210,1.479,20,4,8.75
30,588,21,31.45,-1.0029447,92.20363784,318.0387199,10.406375,29.3871496,4.798153366,67.86783951,49.6472646,210,1.479,20,4,8.75
30,589,21,31.45,-0.993438528,92.20363784,318.0387199,10.406375,29.3871496,6.80292134,30,49.6472646,210,1.479,20,4,8.75
30,590,21,31.45,-0.84534353,92.20363784,318.0387199,10.406375,39.41098947,4.798153366,30,49.6472646,210,1.479,20,4,8.75
30,591,21,31.45,1.011395583,92.20363784,318.0387199,13.74765496,29.3871496,4.798153366,30,49.6472646,210,1.479,20,4,8.75
30,592,21,31.45,-0.9910442,92.20363784,353.6790395,10.406375,29.3871496,4.798153366,30,49.6472646,210,1.479,20,4,8.75
30,593,21,31.45,-0.78855888,116.31775,358.732,5.973875,49.344125,9.521425,181.00675,78.93675,156.6465,1.479,20,4,8.75
30,594,21,31.45,0.989883774,116.7063575,318.0387199,10.406375,29.3871496,4.798153366,30,49.6472646,210,1.479,20,4,8.75
31,594,21,29.33,0.900168395,10.17875,207.172,19.731875,17.999375,2.770525,100.15475,59.82075,201.8145,1.479,20,4,8.75
31,595,21,29.33,-0.489186774,12.47225,212.316,19.983875,10.873625,9.262675,184.58525,88.21575,182.0325,1.479,20,4,8.75
31,596,21,29.33,-0.484685093,19.22625,232.3,19.995875,8.900375,7.198075,163.58175,84.09375,162.1245,1.479,20,4,8.75
31,597,21,29.33,-0.60814444,21.51425,208.332,19.768625,13.260875,5.585275,195.55875,65.15775,205.0335,1.479,20,4,8.75
31,598,21,29.33,-0.629995716,26.56875,212.668,19.095125,14.055125,4.834225,173.64575,20.80575,203.7375,1.479,20,4,8.75
31,599,21,29.33,-0.85138153,62.62675,326.78,7.563125,36.195125,4.814875,176.61225,17.79075,200.8755,1.479,20,4,8.75
31,600,21,29.33,-0.957246146,72.53248005,318.0387199,10.406375,29.3871496,4.798153366,30,49.6472646,210,1.479,20,4,8.75
31,601,21,29.33,-0.995015311,92.20363784,289.4261268,10.406375,29.3871496,4.798153366,30,49.6472646,210,1.479,20,4,8.75
31,602,21,29.33,-0.912047404,92.20363784,318.0387199,7.723944392,29.3871496,4.798153366,30,49.6472646,210,1.479,20,4,8.75
31,603,21,29.33,-0.916448525,92.20363784,318.0387199,10.406375,21.33985778,4.798153366,30,49.6472646,210,1.479,20,4,8.75
31,604,21,29.33,-0.990997797,92.20363784,318.0387199,10.406375,29.3871496,3.188695001,30,49.6472646,210,1.479,20,4,8.75
31,605,21,29.33,-1.002884886,92.20363784,318.0387199,10.406375,29.3871496,4.798153366,30,33.55268095,210,1.479,20,4,8.75
31,606,21,29.33,-1.002858849,92.20363784,318.0387199,10.406375,29.3871496,4.798153366,30,49.6472646,199.2702776,1.479,20,4,8.75
31,607,21,29.33,-1.004418202,92.20363784,318.0387199,10.406375,29.3871496,4.798153366,30,49.6472646,210,1.479,20,4,8.75
31,608,21,29.33,-1.002812874,92.20363784,318.0387199,10.406375,29.3871496,4.798153366,30,65.74184824,210,1.479,20,4,8.75
31,609,21,29.33,-1.003498096,92.20363784,318.0387199,10.406375,29.3871496,4.798153366,60.40088023,49.6472646,210,1.479,20,4,8.75
31,610,21,29.33,-0.996713349,92.20363784,318.0387199,10.406375,29.3871496,6.407611731,30,49.6472646,210,1.479,20,4,8.75
31,611,21,29.33,-0.890372046,92.20363784,318.0387199,10.406375,37.43444143,4.798153366,30,49.6472646,210,1.479,20,4,8.75
31,612,21,29.33,1.008982823,92.20363784,318.0387199,13.08880561,29.3871496,4.798153366,30,49.6472646,210,1.479,20,4,8.75
31,613,21,29.33,-0.99592585,92.20363784,346.6513131,10.406375,29.3871496,4.798153366,30,49.6472646,210,1.479,20,4,8.75
31,614,21,29.33,0.990971595,111.8747956,318.0387199,10.406375,29.3871496,4.798153366,30,49.6472646,210,1.479,20,4,8.75
32,614,21,31.63,-0.716551627,19.92475,337.356,14.091125,22.038125,8.235325,191.84425,49.82625,187.2945,1.479,20,4,8.75
32,615,21,31.63,-0.78262774,38.12425,222.748,8.575625,33.789875,7.967575,47.19975,59.41125,164.7195,1.479,20,4,8.75
32,616,21,31.63,-0.76178356,60.44325,344.596,10.225625,20.584625,5.614975,40.15325,55.84275,159.8445,1.479,20,4,8.75
32,617,21,31.63,-0.808262023,62.63225,318.676,5.298875,45.789125,6.993325,31.59375,9.46125,182.4315,1.479,20,4,8.75
32,618,21,31.63,-0.880928158,64.81025,295.892,12.253625,28.367375,6.512725,44.30125,66.61125,190.8315,1.479,20,4,8.75
32,619,21,31.63,-0.978864523,80.41045377,318.0387199,10.406375,29.3871496,4.798153366,30,49.6472646,210,1.479,20,4,8.75
32,620,21,31.63,-0.88152614,87.06325,298.004,7.325375,33.049625,6.113575,156.44175,61.49475,174.1815,1.479,20,4,8.75
32,621,21,31.63,-0.999495356,92.20363784,300.8849976,10.406375,29.3871496,4.798153366,30,49.6472646,210,1.479,20,4,8.75
32,622,21,31.63,-0.959386701,92.20363784,318.0387199,8.798213535,29.3871496,4.798153366,30,49.6472646,210,1.479,20,4,8.75
32,623,21,31.63,-0.95838348,92.20363784,318.0387199,10.406375,24.56266521,4.798153366,30,49.6472646,210,1.479,20,4,8.75
32,624,21,31.63,-1.00057171,92.20363784,318.0387199,10.406375,29.3871496,3.833256487,30,49.6472646,210,1.479,20,4,8.75
32,625,21,31.63,-1.003901633,92.20363784,318.0387199,10.406375,29.3871496,4.798153366,30,39.99829581,210,1.479,20,4,8.75
32,626,21,31.63,-1.00356211,92.20363784,318.0387199,10.406375,29.3871496,4.798153366,30,49.6472646,203.5673541,1.479,20,4,8.75
32,627,21,31.63,-1.004418202,92.20363784,318.0387199,10.406375,29.3871496,4.798153366,30,49.6472646,210,1.479,20,4,8.75
32,628,21,31.63,-1.003796262,92.20363784,318.0387199,10.406375,29.3871496,4.798153366,30,59.29623339,210,1.479,20,4,8.75
32,629,21,31.63,-1.004122989,92.20363784,318.0387199,10.406375,29.3871496,4.798153366,48.22582994,49.6472646,210,1.479,20,4,8.75
32,630,21,31.63,-1.001096012,92.20363784,318.0387199,10.406375,29.3871496,5.763050245,30,49.6472646,210,1.479,20,4,8.75
32,631,21,31.63,-0.959416468,92.20363784,318.0387199,10.406375,34.211634,4.798153366,30,49.6472646,210,1.479,20,4,8.75
32,632,21,31.63,1.004348167,92.20363784,318.0387199,12.01453646,29.3871496,4.798153366,30,49.6472646,210,1.479,20,4,8.75
32,633,21,31.63,-1.00189044,92.20363784,335.1924422,10.406375,29.3871496,4.798153366,30,49.6472646,210,1.479,20,4,8.75
32,634,21,31.63,0.992733124,103.9968219,318.0387199,10.406375,29.3871496,4.798153366,30,49.6472646,210,1.479,20,4,8.75
33,633,21,31.98,-0.643357041,20.59025,262.492,6.882125,26.594375,9.128125,156.89225,3.18375,191.4315,1.479,20,4,8.75
33,634,21,31.98,-0.830153589,66.76825,289.044,7.623125,30.106625,6.586975,100.47775,70.95375,179.5605,1.479,20,4,8.75
33,635,21,31.98,-0.747181961,67.59875,327.268,10.380875,40.571375,6.500125,137.01925,8.99325,207.9225,1.479,20,4,8.75
33,636,21,31.98,-0.942304176,67.80807396,318.0387199,10.406375,29.3871496,4.798153366,30,49.6472646,210,1.479,20,4,8.75
33,637,21,31.98,-0.851505185,68.08825,312.924,5.785625,46.916375,6.403375,47.82875,11.46825,205.0335,1.479,20,4,8.75
33,638,21,31.98,-0.790798607,87.06875,318.932,8.812625,21.763625,7.611175,93.83925,7.10325,165.6615,1.479,20,4,8.75
33,639,21,31.98,0.986079125,92.20363784,282.5542634,10.406375,29.3871496,4.798153366,30,49.6472646,210,1.479,20,4,8.75
33,640,21,31.98,-0.875947739,92.20363784,318.0387199,7.079707198,29.3871496,4.798153366,30,49.6472646,210,1.479,20,4,8.75
33,641,21,31.98,-0.88630389,92.20363784,318.0387199,10.406375,19.4071462,4.798153366,30,49.6472646,210,1.479,20,4,8.75
33,642,21,31.98,0.991443157,92.20363784,318.0387199,10.406375,29.3871496,2.802152685,30,49.6472646,210,1.479,20,4,8.75
33,643,21,31.98,-1.001999909,92.20363784,318.0387199,10.406375,29.3871496,4.798153366,30,29.68725778,210,1.479,20,4,8.75
33,644,21,31.98,-1.002407815,92.20363784,318.0387199,10.406375,29.3871496,4.798153366,30,49.6472646,196.6933288,1.479,20,4,8.75
33,645,21,31.98,-1.004418202,92.20363784,318.0387199,10.406375,29.3871496,4.798153366,30,49.6472646,210,1.479,20,4,8.75
33,646,21,31.98,-1.00201799,92.20363784,318.0387199,10.406375,29.3871496,4.798153366,30,69.60727141,210,1.479,20,4,8.75
33,647,21,31.98,-1.002957954,92.20363784,318.0387199,10.406375,29.3871496,4.798153366,67.70223509,49.6472646,210,1.479,20,4,8.75
33,648,21,31.98,-0.993510788,92.20363784,318.0387199,10.406375,29.3871496,6.794154047,30,49.6472646,210,1.479,20,4,8.75
33,649,21,31.98,-0.846357192,92.20363784,318.0387199,10.406375,39.36715301,4.798153366,30,49.6472646,210,1.479,20,4,8.75
33,650,21,31.98,1.01134521,92.20363784,318.0387199,13.7330428,29.3871496,4.798153366,30,49.6472646,210,1.479,20,4,8.75
33,651,21,31.98,-0.991163984,92.20363784,353.5231765,10.406375,29.3871496,4.798153366,30,49.6472646,210,1.479,20,4,8.75
33,652,21,31.98,-0.782505195,97.18875,312.708,8.787875,19.425875,7.080625,126.24975,75.84525,178.2255,1.479,20,4,8.75
33,653,21,31.98,0.989907954,116.5992017,318.0387199,10.406375,29.3871496,4.798153366,30,49.6472646,210,1.479,20,4,8.75
34,653,21,36.34,-0.442412434,14.56775,263.572,12.314375,8.769875,9.789175,162.87625,62.64225,165.2175,1.479,20,4,8.75
34,654,21,36.34,-0.526515405,16.06375,272.812,10.695875,10.774625,3.722725,78.91325,87.24825,207.6435,1.479,20,4,8.75
34,655,21,36.34,-0.750731156,48.82725,337.692,8.269625,29.359625,7.832125,53.45575,80.85375,154.3965,1.479,20,4,8.75
34,656,21,36.34,-0.670080879,52.05575,337.804,9.912875,17.531375,7.707025,120.90325,24.14025,175.9905,1.479,20,4,8.75
34,657,21,36.34,-0.754981321,59.34325,354.9,10.865375,35.538125,7.866325,153.86625,14.65425,169.9095,1.479,20,4,8.75
34,658,21,36.34,-0.865384664,70.18925,300.204,11.881625,19.493375,5.704075,43.45125,63.95175,194.8185,1.479,20,4,8.75
34,659,21,36.34,-0.980949642,81.23641504,318.0387199,10.406375,29.3871496,4.798153366,30,49.6472646,210,1.479,20,4,8.75
34,660,21,36.34,-1.000080979,92.20363784,302.0863958,10.406375,29.3871496,4.798153366,30,49.6472646,210,1.479,20,4,8.75
34,661,21,36.34,-0.963551678,92.20363784,318.0387199,8.910844618,29.3871496,4.798153366,30,49.6472646,210,1.479,20,4,8.75
34,662,21,36.34,-0.962285459,92.20363784,318.0387199,10.406375,24.90055846,4.798153366,30,49.6472646,210,1.479,20,4,8.75
34,663,21,36.34,-1.001175934,92.20363784,318.0387199,10.406375,29.3871496,3.900835137,30,49.6472646,210,1.479,20,4,8.75
34,664,21,36.34,-1.003972891,92.20363784,318.0387199,10.406375,29.3871496,4.798153366,30,40.6740823,210,1.479,20,4,8.75
34,665,21,36.34,-1.003630927,92.20363784,318.0387199,10.406375,29.3871496,4.798153366,30,49.6472646,204.0178785,1.479,20,4,8.75
34,666,21,36.34,-1.004418202,92.20363784,318.0387199,10.406375,29.3871496,4.798153366,30,49.6472646,210,1.479,20,4,8.75
34,667,21,36.34,-1.003874342,92.20363784,318.0387199,10.406375,29.3871496,4.798153366,30,58.62044689,210,1.479,20,4,8.75
34,668,21,36.34,-1.004175628,92.20363784,318.0387199,10.406375,29.3871496,4.798153366,46.94934433,49.6472646,210,1.479,20,4,8.75
34,669,21,36.34,-1.001489233,92.20363784,318.0387199,10.406375,29.3871496,5.695471595,30,49.6472646,210,1.479,20,4,8.75
34,670,21,36.34,-0.966050068,92.20363784,318.0387199,10.406375,33.87374075,4.798153366,30,49.6472646,210,1.479,20,4,8.75
34,671,21,36.34,1.003805001,92.20363784,318.0387199,11.90190538,29.3871496,4.798153366,30,49.6472646,210,1.479,20,4,8.75
34,672,21,36.34,-1.002345358,92.20363784,333.991044,10.406375,29.3871496,4.798153366,30,49.6472646,210,1.479,20,4,8.75
34,673,21,36.34,0.992916816,103.1708606,318.0387199,10.406375,29.3871496,4.798153366,30,49.6472646,210,1.479,20,4,8.75
,,,,,,,,,,,,,,,,
,,,,-1.004418202,,,,,,,,,,,,
